source,code_snippet,prompt,response
Rodinia BFS,"#include <stdio.h>\n#include <string.h>\n#include <math.h>\n#include <stdlib.h>\n#include <omp.h>\n//#define NUM_THREAD 4\n#define OPEN\n\nFILE *fp;\n\n//Structure to hold a node information\nstruct Node\n{\n\tint starting;\n\tint no_of_edges;\n};\n\nvoid BFSGraph(int argc, char** argv);\n\nvoid Usage(int argc, char**argv){\n\nfprintf(stderr,""Usage: %s <num_threads> <input_file>\\n"", argv[0]);\n\n}\nint main( int argc, char** argv) \n{\n\tBFSGraph( argc, argv);\n}\nvoid BFSGraph( int argc, char** argv) \n{\n\tint no_of_nodes = 0;\n\tint edge_list_size = 0;\n\tchar *input_f;\n\tint\t num_omp_threads;\n\t\n\tif(argc!=3){\n\tUsage(argc, argv);\n\texit(0);\n\t}\n\t\n\tnum_omp_threads = atoi(argv[1]);\n\tinput_f = argv[2];\n\t\n\tprintf(""Reading File\\n"");\n\t//Read in Graph from a file\n\tfp = fopen(input_f,""r"");\n\tif(!fp)\n\t{\n\t\tprintf(""Error Reading graph file\\n"");\n\t\treturn;\n\t}\n\n\tint source = 0;\n\n\tfscanf(fp,""%d"",&no_of_nodes);\n   \n\t// allocate host memory\n\tNode* h_graph_nodes = (Node*) malloc(sizeof(Node)*no_of_nodes);\n\tbool *h_graph_mask = (bool*) malloc(sizeof(bool)*no_of_nodes);\n\tbool *h_updating_graph_mask = (bool*) malloc(sizeof(bool)*no_of_nodes);\n\tbool *h_graph_visited = (bool*) malloc(sizeof(bool)*no_of_nodes);\n\n\tint start, edgeno;   \n\t// initalize the memory\n\tfor( unsigned int i = 0; i < no_of_nodes; i++) \n\t{\n\t\tfscanf(fp,""%d %d"",&start,&edgeno);\n\t\th_graph_nodes[i].starting = start;\n\t\th_graph_nodes[i].no_of_edges = edgeno;\n\t\th_graph_mask[i]=false;\n\t\th_updating_graph_mask[i]=false;\n\t\th_graph_visited[i]=false;\n\t}\n\n\t//read the source node from the file\n\tfscanf(fp,""%d"",&source);\n\t// source=0; //tesing code line\n\n\t//set the source node as true in the mask\n\th_graph_mask[source]=true;\n\th_graph_visited[source]=true;\n\n\tfscanf(fp,""%d"",&edge_list_size);\n\n\tint id,cost;\n\tint* h_graph_edges = (int*) malloc(sizeof(int)*edge_list_size);\n\tfor(int i=0; i < edge_list_size ; i++)\n\t{\n\t\tfscanf(fp,""%d"",&id);\n\t\tfscanf(fp,""%d"",&cost);\n\t\th_graph_edges[i] = id;\n\t}\n\n\tif(fp)\n\t\tfclose(fp);    \n\n\n\t// allocate mem for the result on host side\n\tint* h_cost = (int*) malloc( sizeof(int)*no_of_nodes);\n\tfor(int i=0;i<no_of_nodes;i++)\n\t\th_cost[i]=-1;\n\th_cost[source]=0;\n\t\n\tprintf(""Start traversing the tree\\n"");\n\t\n\tint k=0;\n#ifdef OPEN\n        double start_time = omp_get_wtime();\n#ifdef OMP_OFFLOAD\n#pragma omp target data map(to: no_of_nodes, h_graph_mask[0:no_of_nodes], h_graph_nodes[0:no_of_nodes], h_graph_edges[0:edge_list_size], h_graph_visited[0:no_of_nodes], h_updating_graph_mask[0:no_of_nodes]) map(h_cost[0:no_of_nodes])\n        {\n#endif \n#endif\n\tbool stop;\n\tdo\n        {\n            //if no thread changes this value then the loop stops\n            stop=false;\n\n#ifdef OPEN\n            //omp_set_num_threads(num_omp_threads);\n    #ifdef OMP_OFFLOAD\n    #pragma omp target\n    #endif\n    #pragma omp parallel for \n#endif \n            for(int tid = 0; tid < no_of_nodes; tid++ )\n            {\n                if (h_graph_mask[tid] == true){ \n                    h_graph_mask[tid]=false;\n                    for(int i=h_graph_nodes[tid].starting; i<(h_graph_nodes[tid].no_of_edges + h_graph_nodes[tid].starting); i++)\n","#include <stdio.h>\n#include <string.h>\n#include <math.h>\n#include <stdlib.h>\n#include <omp.h>\n//#define NUM_THREAD 4\n#define OPEN\n\nFILE *fp;\n\n//Structure to hold a node information\nstruct Node\n{\n\tint starting;\n\tint no_of_edges;\n};\n\nvoid BFSGraph(int argc, char** argv);\n\nvoid Usage(int argc, char**argv){\n\nfprintf(stderr,""Usage: %s <num_threads> <input_file>\\n"", argv[0]);\n\n}\nint main( int argc, char** argv) \n{\n\tBFSGraph( argc, argv);\n}\nvoid BFSGraph( int argc, char** argv) \n{\n\tint no_of_nodes = 0;\n\tint edge_list_size = 0;\n\tchar *input_f;\n\tint\t num_omp_threads;\n\t\n\tif(argc!=3){\n\tUsage(argc, argv);\n\texit(0);\n\t}\n\t\n\tnum_omp_threads = atoi(argv[1]);\n\tinput_f = argv[2];\n\t\n\tprintf(""Reading File\\n"");\n\t//Read in Graph from a file\n\tfp = fopen(input_f,""r"");\n\tif(!fp)\n\t{\n\t\tprintf(""Error Reading graph file\\n"");\n\t\treturn;\n\t}\n\n\tint source = 0;\n\n\tfscanf(fp,""%d"",&no_of_nodes);\n   \n\t// allocate host memory\n\tNode* h_graph_nodes = (Node*) malloc(sizeof(Node)*no_of_nodes);\n\tbool *h_graph_mask = (bool*) malloc(sizeof(bool)*no_of_nodes);\n\tbool *h_updating_graph_mask = (bool*) malloc(sizeof(bool)*no_of_nodes);\n\tbool *h_graph_visited = (bool*) malloc(sizeof(bool)*no_of_nodes);\n\n\tint start, edgeno;   \n\t// initalize the memory\n\tfor( unsigned int i = 0; i < no_of_nodes; i++) \n\t{\n\t\tfscanf(fp,""%d %d"",&start,&edgeno);\n\t\th_graph_nodes[i].starting = start;\n\t\th_graph_nodes[i].no_of_edges = edgeno;\n\t\th_graph_mask[i]=false;\n\t\th_updating_graph_mask[i]=false;\n\t\th_graph_visited[i]=false;\n\t}\n\n\t//read the source node from the file\n\tfscanf(fp,""%d"",&source);\n\t// source=0; //tesing code line\n\n\t//set the source node as true in the mask\n\th_graph_mask[source]=true;\n\th_graph_visited[source]=true;\n\n\tfscanf(fp,""%d"",&edge_list_size);\n\n\tint id,cost;\n\tint* h_graph_edges = (int*) malloc(sizeof(int)*edge_list_size);\n\tfor(int i=0; i < edge_list_size ; i++)\n\t{\n\t\tfscanf(fp,""%d"",&id);\n\t\tfscanf(fp,""%d"",&cost);\n\t\th_graph_edges[i] = id;\n\t}\n\n\tif(fp)\n\t\tfclose(fp);    \n\n\n\t// allocate mem for the result on host side\n\tint* h_cost = (int*) malloc( sizeof(int)*no_of_nodes);\n\tfor(int i=0;i<no_of_nodes;i++)\n\t\th_cost[i]=-1;\n\th_cost[source]=0;\n\t\n\tprintf(""Start traversing the tree\\n"");\n\t\n\tint k=0;\n#ifdef OPEN\n        double start_time = omp_get_wtime();\n#ifdef OMP_OFFLOAD\n#pragma omp target data map(to: no_of_nodes, h_graph_mask[0:no_of_nodes], h_graph_nodes[0:no_of_nodes], h_graph_edges[0:edge_list_size], h_graph_visited[0:no_of_nodes], h_updating_graph_mask[0:no_of_nodes]) map(h_cost[0:no_of_nodes])\n        {\n#endif \n#endif\n\tbool stop;\n\tdo\n        {\n            //if no thread changes this value then the loop stops\n            stop=false;\n\n#ifdef OPEN\n            //omp_set_num_threads(num_omp_threads);\n    #ifdef OMP_OFFLOAD\n    #pragma omp target\n    #endif\n    #pragma omp parallel for \n#endif \n            for(int tid = 0; tid < no_of_nodes; tid++ )\n            {\n                if (h_graph_mask[tid] == true){ \n                    h_graph_mask[tid]=false;\n                    for(int i=h_graph_nodes[tid].starting; i<(h_graph_nodes[tid].no_of_edges + h_graph_nodes[tid].starting); i++)\n Generate JSON of 10 OpenMP performance optimization multiple choice questions based on the above code snippet. Each question must be a JSON object with keys: Question: <generated question>, Options: <Four options A, B, C, and D with one correct answer>, Answer: Correct answer to the generated question 'A', 'B', 'C', or 'D'.","{
  ""Questions"": [
    {
      ""Question"": ""Which OpenMP directive is used to parallelize the BFS traversal loop?"",
      ""Options"": {
        ""A"": ""#pragma omp for"",
        ""B"": ""#pragma omp sections"",
        ""C"": ""#pragma omp single"",
        ""D"": ""#pragma omp task""
      },
      ""Answer"": ""A""
    },
    {
      ""Question"": ""What is the purpose of the 'num_omp_threads' variable?"",
      ""Options"": {
        ""A"": ""It specifies the number of nodes in the graph."",
        ""B"": ""It determines the maximum number of edges in the graph."",
        ""C"": ""It specifies the number of OpenMP threads to be used."",
        ""D"": ""It counts the number of iterations the BFS will perform.""
      },
      ""Answer"": ""C""
    },
    {
      ""Question"": ""To which variable does the 'omp_set_num_threads' function setting apply if uncommented?"",
      ""Options"": {
        ""A"": ""source"",
        ""B"": ""edge_list_size"",
        ""C"": ""no_of_nodes"",
        ""D"": ""num_omp_threads""
      },
      ""Answer"": ""D""
    },
    {
      ""Question"": ""What is the initial value of each element in 'h_cost' array before the BFS starts, except for the source node?"",
      ""Options"": {
        ""A"": ""0"",
        ""B"": ""-1"",
        ""C"": ""INT_MAX"",
        ""D"": ""Undefined""
      },
      ""Answer"": ""B""
    },
    {
      ""Question"": ""If 'OMP_OFFLOAD' is defined, where do the BFS computations occur?"",
      ""Options"": {
        ""A"": ""On the CPU"",
        ""B"": ""On the integrated GPU"",
        ""C"": ""On a discrete GPU or other accelerator"",
        ""D"": ""Across a distributed system""
      },
      ""Answer"": ""C""
    },
    {
      ""Question"": ""What is a potential consequence of not setting the number of threads explicitly?"",
      ""Options"": {
        ""A"": ""The program may not run."",
        ""B"": ""The thread limit for parallel regions will unset."",
        ""C"": ""The execution may be slower due to reliance on a default setting."",
        ""D"": ""All computation will be done serially.""
      },
      ""Answer"": ""C""
    },
    {
      ""Question"": ""What does the 'h_graph_mask' boolean array represent?"",
      ""Options"": {
        ""A"": ""The edges of the graph"",
        ""B"": ""The cost of the paths from the source"",
        ""C"": ""The nodes that need to be updated in the current iteration"",
        ""D"": ""The nodes that have been visited""
      },
      ""Answer"": ""C""
    },
    {
      ""Question"": ""Which function is used to measure the duration of the BFS algorithm?"",
      ""Options"": {
        ""A"": ""omp_set_wtime()"",
        ""B"": ""omp_get_wtick()"",
        ""C"": ""omp_get_wtime()"",
        ""D"": ""omp_set_wtick()""
      },
      ""Answer"": ""C""
    },
    {
      ""Question"": ""What does the 'h_updating_graph_mask' array track?"",
      ""Options"": {
        ""A"": ""Nodes to be considered for the next BFS iteration"",
        ""B"": ""Edges that were updated in the current iteration"",
        ""C"": ""The cost of traversing the graph"",
        ""D"": ""The current nodes being processed by the threads""
      },
      ""Answer"": ""A""
    },
    {
      ""Question"": ""How is parallelism inside the BFS loop achieved?"",
      ""Options"": {
        ""A"": ""By parallelizing the file reading process"",
        ""B"": ""By spreading nodes across threads for concurrent processing"",
        ""C"": ""By using a parallel reduction"",
        ""D"": ""By distributing the edge list among threads""
      },
      ""Answer"": ""B""
    }
  ]
}"
Rodinia Kmeans Clustering - serial,"/******************************************************************************/\n/*IMPORTANT:  READ BEFORE DOWNLOADING, COPYING, INSTALLING OR USING.         */\n/*By downloading, copying, installing or using the software you agree        */\n/*to this license.  If you do not agree to this license, do not download,    */\n/*install, copy or use the software.                                         */\n/*                                                                           */\n/*                                                                           */\n/*Copyright (c) 2005 Northwestern University                                 */\n/*All rights reserved.                                                       */\n\n/*Redistribution of the software in source and binary forms,                 */\n/*with or without modification, is permitted provided that the               */\n/*following conditions are met:                                              */\n/*                                                                           */\n/*1       Redistributions of source code must retain the above copyright     */\n/*        notice, this list of conditions and the following disclaimer.      */\n/*                                                                           */\n/*2       Redistributions in binary form must reproduce the above copyright   */\n/*        notice, this list of conditions and the following disclaimer in the */\n/*        documentation and/or other materials provided with the distribution.*/ \n/*                                                                            */\n/*3       Neither the name of Northwestern University nor the names of its    */\n/*        contributors may be used to endorse or promote products derived     */\n/*        from this software without specific prior written permission.       */\n/*                                                                            */\n/*THIS SOFTWARE IS PROVIDED BY THE COPYRIGHT HOLDERS AND CONTRIBUTORS ``AS    */\n/*IS'' AND ANY EXPRESS OR IMPLIED WARRANTIES, INCLUDING, BUT NOT LIMITED      */\n/*TO, THE IMPLIED WARRANTIES OF MERCHANTABILITY, NON-INFRINGEMENT AND         */\n/*FITNESS FOR A PARTICULAR PURPOSE ARE DISCLAIMED. IN NO EVENT SHALL          */\n/*NORTHWESTERN UNIVERSITY OR ITS CONTRIBUTORS BE LIABLE FOR ANY DIRECT,       */\n/*INDIRECT, INCIDENTAL, SPECIAL, EXEMPLARY, OR CONSEQUENTIAL DAMAGES          */\n/*(INCLUDING, BUT NOT LIMITED TO, PROCUREMENT OF SUBSTITUTE GOODS OR          */\n/*SERVICES; LOSS OF USE, DATA, OR PROFITS; OR BUSINESS INTERRUPTION)          */\n/*HOWEVER CAUSED AND ON ANY THEORY OF LIABILITY, WHETHER IN CONTRACT,         */\n/*STRICT LIABILITY, OR TORT (INCLUDING NEGLIGENCE OR OTHERWISE) ARISING IN    */\n/*ANY WAY OUT OF THE USE OF THIS SOFTWARE, EVEN IF ADVISED OF THE             */\n/*POSSIBILITY OF SUCH DAMAGE.                                                 */\n/******************************************************************************/\n/*************************************************************************/\n/**   File:         kmeans_clustering.c                                 **/\n/**   Description:  Implementation of regular k-means clustering        **/\n/**                 algorithm                                           **/\n/**   Author:  Wei-keng Liao                                            **/\n/**            ECE Department, Northwestern University                  **/\n/**            email: wkliao@ece.northwestern.edu                       **/\n/**                                                                     **/\n/**   Edited by: Jay Pisharath                                          **/\n/**              Northwestern University.                               **/\n/**                                                                     **/\n/**   ================================================================  **/\n/**                                                                     **/\n/**   Edited by: Sang-Ha  Lee                                           **/\n/**                 University of Virginia                              **/\n/**                                                                     **/\n/**   Description:    No longer supports fuzzy c-means clustering;     **/\n/**                     only regular k-means clustering.               **/\n/**                     Simplified for main functionality: regular k-means    **/\n/**                     clustering.                                     **/\n/**                                                                     **/\n/*************************************************************************/\n\n#include <stdio.h>\n#include <stdlib.h>\n#include <float.h>\n#include <math.h>\n#include \kmeans.h\""\n#include <omp.h>\n\n#define RANDOM_MAX 2147483647\n\n#ifndef FLT_MAX\n#define FLT_MAX 3.40282347e+38\n#endif\n\nextern double wtime(void);\n\nint find_nearest_point(float  *pt,          /* [nfeatures] */\n                       int     nfeatures,\n                       float **pts,         /* [npts][nfeatures] */\n                       int     npts)\n{\n    int index, i;\n    float min_dist=FLT_MAX;\n\n    /* find the cluster center id with min distance to pt */\n    for (i=0; i<npts; i++) {\n        float dist;\n        dist = euclid_dist_2(pt, pts[i], nfeatures);  /* no need square root */\n        if (dist < min_dist) {\n            min_dist = dist;\n            index    = i;\n        }\n    }\n    return(index);\n}\n\n/*----< euclid_dist_2() >----------------------------------------------------*/\n/* multi-dimensional spatial Euclid distance square */\n__inline\nfloat euclid_dist_2(float *pt1,\n                    float *pt2,\n                    int    numdims)\n{\n    int i;\n    float ans=0.0;\n\n    for (i=0; i<numdims; i++)\n        ans += (pt1[i]-pt2[i]) * (pt1[i]-pt2[i]);\n\n    return(ans);\n}\n\n\n/*----< kmeans_clustering() >---------------------------------------------*/\nfloat** kmeans_clustering(float **feature,    /* in: [npoints][nfeatures] */\n                          int     nfeatures,\n                          int     npoints,\n                          int     nclusters,\n                          float   threshold,\n                          int    *membership) /* out: [npoints] */\n{\n\n    int      i, j, n=0, index, loop=0;\n    int     *new_centers_len; /* [nclusters]: no. of points in each cluster */\n    float    delta;\n    float  **clusters;   /* out: [nclusters][nfeatures] */\n    float  **new_centers;     /* [nclusters][nfeatures] */\n  \n\n    /* allocate space for returning variable clusters[] */\n    clusters    = (float**) malloc(nclusters *             sizeof(float*));\n    clusters[0] = (float*)  malloc(nclusters * nfeatures * sizeof(float));\n    for (i=1; i<nclusters; i++)\n        clusters[i] = clusters[i-1] + nfeatures;\n\n    /* randomly pick cluster centers */\n    for (i=0; i<nclusters; i++) {\n        //n = (int)rand() % npoints;\n        for (j=0; j<nfeatures; j++)\n            clusters[i][j] = feature[n][j];\n\t\tn++;\n    }\n\n    for (i=0; i<npoints; i++)\n\t\tmembership[i] = -1;\n\n    /* need to initialize new_centers_len and new_centers[0] to all 0 */\n    new_centers_len = (int*) calloc(nclusters, sizeof(int));\n\n    new_centers    = (float**) malloc(nclusters *","/******************************************************************************/\n/*IMPORTANT:  READ BEFORE DOWNLOADING, COPYING, INSTALLING OR USING.         */\n/*By downloading, copying, installing or using the software you agree        */\n/*to this license.  If you do not agree to this license, do not download,    */\n/*install, copy or use the software.                                         */\n/*                                                                           */\n/*                                                                           */\n/*Copyright (c) 2005 Northwestern University                                 */\n/*All rights reserved.                                                       */\n\n/*Redistribution of the software in source and binary forms,                 */\n/*with or without modification, is permitted provided that the               */\n/*following conditions are met:                                              */\n/*                                                                           */\n/*1       Redistributions of source code must retain the above copyright     */\n/*        notice, this list of conditions and the following disclaimer.      */\n/*                                                                           */\n/*2       Redistributions in binary form must reproduce the above copyright   */\n/*        notice, this list of conditions and the following disclaimer in the */\n/*        documentation and/or other materials provided with the distribution.*/ \n/*                                                                            */\n/*3       Neither the name of Northwestern University nor the names of its    */\n/*        contributors may be used to endorse or promote products derived     */\n/*        from this software without specific prior written permission.       */\n/*                                                                            */\n/*THIS SOFTWARE IS PROVIDED BY THE COPYRIGHT HOLDERS AND CONTRIBUTORS ``AS    */\n/*IS'' AND ANY EXPRESS OR IMPLIED WARRANTIES, INCLUDING, BUT NOT LIMITED      */\n/*TO, THE IMPLIED WARRANTIES OF MERCHANTABILITY, NON-INFRINGEMENT AND         */\n/*FITNESS FOR A PARTICULAR PURPOSE ARE DISCLAIMED. IN NO EVENT SHALL          */\n/*NORTHWESTERN UNIVERSITY OR ITS CONTRIBUTORS BE LIABLE FOR ANY DIRECT,       */\n/*INDIRECT, INCIDENTAL, SPECIAL, EXEMPLARY, OR CONSEQUENTIAL DAMAGES          */\n/*(INCLUDING, BUT NOT LIMITED TO, PROCUREMENT OF SUBSTITUTE GOODS OR          */\n/*SERVICES; LOSS OF USE, DATA, OR PROFITS; OR BUSINESS INTERRUPTION)          */\n/*HOWEVER CAUSED AND ON ANY THEORY OF LIABILITY, WHETHER IN CONTRACT,         */\n/*STRICT LIABILITY, OR TORT (INCLUDING NEGLIGENCE OR OTHERWISE) ARISING IN    */\n/*ANY WAY OUT OF THE USE OF THIS SOFTWARE, EVEN IF ADVISED OF THE             */\n/*POSSIBILITY OF SUCH DAMAGE.                                                 */\n/******************************************************************************/\n/*************************************************************************/\n/**   File:         kmeans_clustering.c                                 **/\n/**   Description:  Implementation of regular k-means clustering        **/\n/**                 algorithm                                           **/\n/**   Author:  Wei-keng Liao                                            **/\n/**            ECE Department, Northwestern University                  **/\n/**            email: wkliao@ece.northwestern.edu                       **/\n/**                                                                     **/\n/**   Edited by: Jay Pisharath                                          **/\n/**              Northwestern University.                               **/\n/**                                                                     **/\n/**   ================================================================  **/\n/**                                                                     **/\n/**   Edited by: Sang-Ha  Lee                                           **/\n/**                 University of Virginia                              **/\n/**                                                                     **/\n/**   Description:    No longer supports fuzzy c-means clustering;     **/\n/**                     only regular k-means clustering.               **/\n/**                     Simplified for main functionality: regular k-means    **/\n/**                     clustering.                                     **/\n/**                                                                     **/\n/*************************************************************************/\n\n#include <stdio.h>\n#include <stdlib.h>\n#include <float.h>\n#include <math.h>\n#include \kmeans.h\""\n#include <omp.h>\n\n#define RANDOM_MAX 2147483647\n\n#ifndef FLT_MAX\n#define FLT_MAX 3.40282347e+38\n#endif\n\nextern double wtime(void);\n\nint find_nearest_point(float  *pt,          /* [nfeatures] */\n                       int     nfeatures,\n                       float **pts,         /* [npts][nfeatures] */\n                       int     npts)\n{\n    int index, i;\n    float min_dist=FLT_MAX;\n\n    /* find the cluster center id with min distance to pt */\n    for (i=0; i<npts; i++) {\n        float dist;\n        dist = euclid_dist_2(pt, pts[i], nfeatures);  /* no need square root */\n        if (dist < min_dist) {\n            min_dist = dist;\n            index    = i;\n        }\n    }\n    return(index);\n}\n\n/*----< euclid_dist_2() >----------------------------------------------------*/\n/* multi-dimensional spatial Euclid distance square */\n__inline\nfloat euclid_dist_2(float *pt1,\n                    float *pt2,\n                    int    numdims)\n{\n    int i;\n    float ans=0.0;\n\n    for (i=0; i<numdims; i++)\n        ans += (pt1[i]-pt2[i]) * (pt1[i]-pt2[i]);\n\n    return(ans);\n}\n\n\n/*----< kmeans_clustering() >---------------------------------------------*/\nfloat** kmeans_clustering(float **feature,    /* in: [npoints][nfeatures] */\n                          int     nfeatures,\n                          int     npoints,\n                          int     nclusters,\n                          float   threshold,\n                          int    *membership) /* out: [npoints] */\n{\n\n    int      i, j, n=0, index, loop=0;\n    int     *new_centers_len; /* [nclusters]: no. of points in each cluster */\n    float    delta;\n    float  **clusters;   /* out: [nclusters][nfeatures] */\n    float  **new_centers;     /* [nclusters][nfeatures] */\n  \n\n    /* allocate space for returning variable clusters[] */\n    clusters    = (float**) malloc(nclusters *             sizeof(float*));\n    clusters[0] = (float*)  malloc(nclusters * nfeatures * sizeof(float));\n    for (i=1; i<nclusters; i++)\n        clusters[i] = clusters[i-1] + nfeatures;\n\n    /* randomly pick cluster centers */\n    for (i=0; i<nclusters; i++) {\n        //n = (int)rand() % npoints;\n        for (j=0; j<nfeatures; j++)\n            clusters[i][j] = feature[n][j];\n\t\tn++;\n    }\n\n    for (i=0; i<npoints; i++)\n\t\tmembership[i] = -1;\n\n    /* need to initialize new_centers_len and new_centers[0] to all 0 */\n    new_centers_len = (int*) calloc(nclusters, sizeof(int));\n\n    new_centers    = (float**) malloc(nclusters * Generate JSON of 10 OpenMP performance optimization multiple choice questions based on the above code snippet. Each question must be a JSON object with keys: Question: <generated question>, Options: <Four options A, B, C, and D with one correct answer>, Answer: Correct answer to the generated question 'A', 'B', 'C', or 'D'.","{
  ""Questions"": [
    {
      ""Question"": ""What could be a reason the 'find_nearest_point' function may perform poorly in a parallel OpenMP environment?"",
      ""Options"": {
        ""A"": ""It uses a global index that causes contention."",
        ""B"": ""The 'float min_dist=FLT_MAX;' statement is not thread-safe."",
        ""C"": ""The algorithm does not have any data dependencies or race conditions."",
        ""D"": ""False sharing could occur on 'index' and 'min_dist' variables.""
      },
      ""Answer"": ""D""
    },
    {
      ""Question"": ""Which OpenMP directive could be immediately used to potentially improve the performance of the outer loop in 'kmeans_clustering' function?"",
      ""Options"": {
        ""A"": ""#pragma omp parallel for"",
        ""B"": ""#pragma omp atomic"",
        ""C"": ""#pragma omp master"",
        ""D"": ""#pragma omp single""
      },
      ""Answer"": ""A""
    },
    {
      ""Question"": ""To avoid race conditions when updating 'new_centers_len' inside the 'kmeans_clustering' function, which OpenMP directive should be used when modifying its elements?"",
      ""Options"": {
        ""A"": ""#pragma omp critical"",
        ""B"": ""#pragma omp barrier"",
        ""C"": ""#pragma omp parallel"",
        ""D"": ""#pragma omp atomic""
      },
      ""Answer"": ""D""
    },
    {
      ""Question"": ""Choosing which option may result in minimizing the possibility of false sharing in the 'kmeans_clustering' function?"",
      ""Options"": {
        ""A"": ""Pad 'new_centers_len' to align with cache line size."",
        ""B"": ""Allocate 'clusters' as a one-dimensional array."",
        ""C"": ""Use dynamic scheduling for loops."",
        ""D"": ""Place '#pragma omp parallel' before the loop over 'npoints'.""
      },
      ""Answer"": ""A""
    },
    {
      ""Question"": ""How could the reduction of the 'delta' variable be handled in a parallelized loop within 'kmeans_clustering'?"",
      ""Options"": {
        ""A"": ""Use '#pragma omp single' before updating 'delta'."",
        ""B"": ""Employ '#pragma omp critical' around 'delta' updates."",
        ""C"": ""Declare 'delta' as 'shared' among threads."",
        ""D"": ""Use '#pragma omp parallel for reduction(+:delta)' for accumulative loops.""
      },
      ""Answer"": ""D""
    },
    {
      ""Question"": ""What is the potential issue with using 'rand()' inside a parallel region of the 'kmeans_clustering' function?"",
      ""Options"": {
        ""A"": ""It is not thread-safe and can result in the same number being generated multiple times."",
        ""B"": ""'rand()' is optimized for parallel execution by default."",
        ""C"": ""The function 'rand()' cannot be called within a OpenMP parallel region."",
        ""D"": ""It will cause a deadlock in the parallel region.""
      },
      ""Answer"": ""A""
    },
    {
      ""Question"": ""What is true about OpenMP 'parallel' directive in 'kmeans_clustering'?"",
      ""Options"": {
        ""A"": ""It should be used only at the start of the function for maximum performance."",
        ""B"": ""It can be used for parallelizing data initialization parts of the function."",
        ""C"": ""It cannot be nested inside other parallel regions."",
        ""D"": ""It is automatically applied to all the loops within the function.""
      },
      ""Answer"": ""B""
    },
    {
      ""Question"": ""Considering the 'nfeatures' variable in 'kmeans_clustering', which OpenMP scheduling strategy can be optimal if 'nfeatures' is significant but each iteration takes a variable amount of time?"",
      ""Options"": {
        ""A"": ""Static scheduling"",
        ""B"": ""Dynamic scheduling"",
        ""C"": ""Guided scheduling"",
        ""D"": ""Auto scheduling""
      },
      ""Answer"": ""B""
    },
    {
      ""Question"": ""In the 'kmeans_clustering' function, which variable could benefit most from first-touch policy when using OpenMP on NUMA architecture?"",
      ""Options"": {
        ""A"": ""feature"",
        ""B"": ""clusters[0]"",
        ""C"": ""new_centers_len"",
        ""D"": ""membership""
      },
      ""Answer"": ""B""
    },
    {
      ""Question"": ""To ensure correct results while using OpenMP, what is the most appropriate action for updating the 'membership' array in 'kmeans_clustering'?"",
      ""Options"": {
        ""A"": ""Wrap each update to 'membership' in a '#pragma omp critical' section."",
        ""B"": ""Mark 'membership' as a 'firstprivate' variable in OpenMP."",
        ""C"": ""No action needed as each thread updates different elements of 'membership'."",
        ""D"": ""Use '#pragma omp atomic' when updating elements of 'membership'.""
      },
      ""Answer"": ""C""
    }
  ]
}"
Rodinia Kmeans Clustering - OpenMP,"#include <stdio.h>\n#include <stdlib.h>\n#include <float.h>\n#include <math.h>\n#include ""kmeans.h""\n#include <omp.h>\n#define RANDOM_MAX 2147483647\n#ifndef FLT_MAX\n#define FLT_MAX 3.40282347e+38\n#endif\nextern double wtime(void);\nextern int num_omp_threads;\nint find_nearest_point(float  *pt, int     nfeatures, float **pts, int     npts) {\n    int index, i;\n    float min_dist=FLT_MAX;\n    for (i=0; i<npts; i++) {\n        float dist;\n        dist = euclid_dist_2(pt, pts[i], nfeatures);\n        if (dist < min_dist) {\n            min_dist = dist;\n            index    = i;\n        }\n    }\n    return(index);\n}\n__inline\nfloat euclid_dist_2(float *pt1,float *pt2,int    numdims) {\n    int i;\n    float ans=0.0;\n    for (i=0; i<numdims; i++)\n        ans += (pt1[i]-pt2[i]) * (pt1[i]-pt2[i]);\n    return(ans);\n}\nfloat** kmeans_clustering(float **feature, int     nfeatures, int     npoints, int     nclusters, float   threshold, int    *membership) {\n    int      i, j, k, n=0, index, loop=0;\n    int     *new_centers_len;\n    float  **new_centers;\n    float  **clusters;\n    float    delta;\n    double   timing;\n    int      nthreads;\n    int    **partial_new_centers_len;\n    float ***partial_new_centers;\n    nthreads = num_omp_threads; \n    clusters    = (float**) malloc(nclusters *             sizeof(float*));\n    clusters[0] = (float*)  malloc(nclusters * nfeatures * sizeof(float));\n    for (i=1; i<nclusters; i++)\n        clusters[i] = clusters[i-1] + nfeatures;\n    for (i=0; i<nclusters; i++) {\n        for (j=0; j<nfeatures; j++)\n            clusters[i][j] = feature[n][j];\n        n++;\n    }\n    for (i=0; i<npoints; i++)\n        membership[i] = -1;\n    new_centers_len = (int*) calloc(nclusters, sizeof(int));\n    new_centers    = (float**) malloc(nclusters *            sizeof(float*));\n    new_centers[0] = (float*)  calloc(nclusters * nfeatures, sizeof(float));\n    for (i=1; i<nclusters; i++)\n        new_centers[i] = new_centers[i-1] + nfeatures;\n    partial_new_centers_len    = (int**) malloc(nthreads * sizeof(int*));\n    partial_new_centers_len[0] = (int*)  calloc(nthreads*nclusters, sizeof(int));\n    for (i=1; i<nthreads; i++)\n        partial_new_centers_len[i] = partial_new_centers_len[i-1]+nclusters;\n    partial_new_centers    =(float***)malloc(nthreads * sizeof(float**));\n    partial_new_centers[0] =(float**) malloc(nthreads*nclusters * sizeof(float*));\n    for (i=1; i<nthreads; i++)\n        partial_new_centers[i] = partial_new_centers[i-1] + nclusters;\n    for (i=0; i<nthreads; i++)\n    {\n        for (j=0; j<nclusters; j++)\n            partial_new_centers[i][j] = (float*)calloc(nfeatures, sizeof(float));\n    }\n    printf(""num of threads = %d\n"", num_omp_threads);\n    do {\n        delta = 0.0;\n        omp_set_num_threads(num_omp_threads);\n        #pragma omp parallel shared(feature,clusters,membership,partial_new_centers,partial_new_centers_len)\n        {\n            int tid = omp_get_thread_num();\n            #pragma omp for private(i,j,index) firstprivate(npoints,nclusters,nfeatures) schedule(static) reduction(+:delta)\n            for (i=0; i<npoints; i++) {\n                index = find_nearest_point(feature[i],nfeatures,clusters,nclusters);\n                if (membership[i] != index) delta += 1.0;\n                membership[i] = index;\n                partial_new_centers_len[tid][index]++;\n                for (j=0; j<nfeatures; j++)\n                    partial_new_centers[tid][index][j] += feature[i][j];\n            }\n        }\n        for (i=0; i<nclusters; i++) {\n            for (j=0; j<nthreads; j++) {\n                new_centers_len[i] += partial_new_centers_len[j][i];\n                partial_new_centers_len[j][i]","#include <stdio.h>\n#include <stdlib.h>\n#include <float.h>\n#include <math.h>\n#include ""kmeans.h""\n#include <omp.h>\n#define RANDOM_MAX 2147483647\n#ifndef FLT_MAX\n#define FLT_MAX 3.40282347e+38\n#endif\nextern double wtime(void);\nextern int num_omp_threads;\nint find_nearest_point(float  *pt, int     nfeatures, float **pts, int     npts) {\n    int index, i;\n    float min_dist=FLT_MAX;\n    for (i=0; i<npts; i++) {\n        float dist;\n        dist = euclid_dist_2(pt, pts[i], nfeatures);\n        if (dist < min_dist) {\n            min_dist = dist;\n            index    = i;\n        }\n    }\n    return(index);\n}\n__inline\nfloat euclid_dist_2(float *pt1,float *pt2,int    numdims) {\n    int i;\n    float ans=0.0;\n    for (i=0; i<numdims; i++)\n        ans += (pt1[i]-pt2[i]) * (pt1[i]-pt2[i]);\n    return(ans);\n}\nfloat** kmeans_clustering(float **feature, int     nfeatures, int     npoints, int     nclusters, float   threshold, int    *membership) {\n    int      i, j, k, n=0, index, loop=0;\n    int     *new_centers_len;\n    float  **new_centers;\n    float  **clusters;\n    float    delta;\n    double   timing;\n    int      nthreads;\n    int    **partial_new_centers_len;\n    float ***partial_new_centers;\n    nthreads = num_omp_threads; \n    clusters    = (float**) malloc(nclusters *             sizeof(float*));\n    clusters[0] = (float*)  malloc(nclusters * nfeatures * sizeof(float));\n    for (i=1; i<nclusters; i++)\n        clusters[i] = clusters[i-1] + nfeatures;\n    for (i=0; i<nclusters; i++) {\n        for (j=0; j<nfeatures; j++)\n            clusters[i][j] = feature[n][j];\n        n++;\n    }\n    for (i=0; i<npoints; i++)\n        membership[i] = -1;\n    new_centers_len = (int*) calloc(nclusters, sizeof(int));\n    new_centers    = (float**) malloc(nclusters *            sizeof(float*));\n    new_centers[0] = (float*)  calloc(nclusters * nfeatures, sizeof(float));\n    for (i=1; i<nclusters; i++)\n        new_centers[i] = new_centers[i-1] + nfeatures;\n    partial_new_centers_len    = (int**) malloc(nthreads * sizeof(int*));\n    partial_new_centers_len[0] = (int*)  calloc(nthreads*nclusters, sizeof(int));\n    for (i=1; i<nthreads; i++)\n        partial_new_centers_len[i] = partial_new_centers_len[i-1]+nclusters;\n    partial_new_centers    =(float***)malloc(nthreads * sizeof(float**));\n    partial_new_centers[0] =(float**) malloc(nthreads*nclusters * sizeof(float*));\n    for (i=1; i<nthreads; i++)\n        partial_new_centers[i] = partial_new_centers[i-1] + nclusters;\n    for (i=0; i<nthreads; i++)\n    {\n        for (j=0; j<nclusters; j++)\n            partial_new_centers[i][j] = (float*)calloc(nfeatures, sizeof(float));\n    }\n    printf(""num of threads = %d\n"", num_omp_threads);\n    do {\n        delta = 0.0;\n        omp_set_num_threads(num_omp_threads);\n        #pragma omp parallel shared(feature,clusters,membership,partial_new_centers,partial_new_centers_len)\n        {\n            int tid = omp_get_thread_num();\n            #pragma omp for private(i,j,index) firstprivate(npoints,nclusters,nfeatures) schedule(static) reduction(+:delta)\n            for (i=0; i<npoints; i++) {\n                index = find_nearest_point(feature[i],nfeatures,clusters,nclusters);\n                if (membership[i] != index) delta += 1.0;\n                membership[i] = index;\n                partial_new_centers_len[tid][index]++;\n                for (j=0; j<nfeatures; j++)\n                    partial_new_centers[tid][index][j] += feature[i][j];\n            }\n        }\n        for (i=0; i<nclusters; i++) {\n            for (j=0; j<nthreads; j++) {\n                new_centers_len[i] += partial_new_centers_len[j][i];\n                partial_new_centers_len[j][i] Generate JSON of 10 OpenMP performance optimization multiple choice questions based on the above code snippet. Each question must be a JSON object with keys: Question: <generated question>, Options: <Four options A, B, C, and D with one correct answer>, Answer: Correct answer to the generated question 'A', 'B', 'C', or 'D'.","{
  ""questions"": [
    {
      ""Question"": ""Which OpenMP directive enables parallel execution of the loop over points?"",
      ""Options"": {
        ""A"": ""#pragma omp for"",
        ""B"": ""#pragma omp parallel for"",
        ""C"": ""#pragma omp master"",
        ""D"": ""#pragma omp single""
      },
      ""Answer"": ""B""
    },
    {
      ""Question"": ""What is the main function of 'reduction' clause in the OpenMP directive in the given code?"",
      ""Options"": {
        ""A"": ""To enable thread-safe updates to the 'delta' variable"",
        ""B"": ""To distribute work among the threads"",
        ""C"": ""To declare variables that are private to each thread"",
        ""D"": ""To create a single execution path""
      },
      ""Answer"": ""A""
    },
    {
      ""Question"": ""Which OpenMP clause is used to specify variables that are private to each thread?"",
      ""Options"": {
        ""A"": ""private"",
        ""B"": ""lastprivate"",
        ""C"": ""shared"",
        ""D"": ""firstprivate""
      },
      ""Answer"": ""A""
    },
    {
      ""Question"": ""Which OpenMP scheduling policy has been applied in the loop parallelization?"",
      ""Options"": {
        ""A"": ""dynamic"",
        ""B"": ""guided"",
        ""C"": ""runtime"",
        ""D"": ""static""
      },
      ""Answer"": ""D""
    },
    {
      ""Question"": ""What is the meaning of setting the 'schedule(static)' clause in the OpenMP directive?"",
      ""Options"": {
        ""A"": ""Loop iterations are divided into chunks of default size and assigned to threads as they request them."",
        ""B"": ""Loop iterations are divided into chunks with variable size and assigned to threads until no chunks are left."",
        ""C"": ""Loop iterations are divided into chunks that can be determined at runtime."",
        ""D"": ""Loop iterations are divided into chunks of equal size and assigned to threads before the loop starts.""
      },
      ""Answer"": ""D""
    },
    {
      ""Question"": ""What does 'omp_set_num_threads(num_omp_threads)' do in the given code?"",
      ""Options"": {
        ""A"": ""Sets the maximum number of hardware threads available."",
        ""B"": ""Sets the dynamic adjustment of the number of threads within an OpenMP application."",
        ""C"": ""Properties of the cluster are configured."",
        ""D"": ""Sets the number of threads in the team executing the parallel region.""
      },
      ""Answer"": ""D""
    },
    {
      ""Question"": ""The function 'find_nearest_point' is called within an OpenMP parallel region. What should be done to ensure it is thread-safe?"",
      ""Options"": {
        ""A"": ""Mark it as '#pragma omp critical'"",
        ""B"": ""Declare all its local variables as shared"",
        ""C"": ""Ensure it does not use any static or global variables"",
        ""D"": ""No action needed if it only accesses thread-private or local data""
      },
      ""Answer"": ""D""
    },
    {
      ""Question"": ""How can the data locality be improved in the loop where each point's nearest cluster center is computed?"",
      ""Options"": {
        ""A"": ""By using the 'collapse' clause to collapse nested loops"",
        ""B"": ""By converting 'find_nearest_point' into an inline function"",
        ""C"": ""By reordering the feature and points array accesses"",
        ""D"": ""By using the 'omp parallel' directive""
      },
      ""Answer"": ""C""
    },
    {
      ""Question"": ""In the context of the kmeans_clustering function, what does 'delta' represent?"",
      ""Options"": {
        ""A"": ""The sum of the distances between points and their nearest cluster center"",
        ""B"": ""The number of points that changed their cluster membership"",
        ""C"": ""The difference between the previous and current cluster center coordinates"",
        ""D"": ""The maximum distance allowed between points and the cluster center""
      },
      ""Answer"": ""B""
    },
    {
      ""Question"": ""Which of the following hardware resources can be a limiting factor for the scalability of this parallel code?"",
      ""Options"": {
        ""A"": ""CPU clock speed"",
        ""B"": ""Cache size"",
        ""C"": ""Hard drive space"",
        ""D"": ""GPU cores""
      },
      ""Answer"": ""B""
    }
  ]
}"
Rodinia Pathfinder,"#include <stdio.h>\n#include <stdlib.h>\n#include <time.h>\n#include <assert.h>\n\n#include \timer.h\""\n\nvoid run(int argc, char** argv);\n\n/* define timer macros */\n#define pin_stats_reset()   startCycle()\n#define pin_stats_pause(cycles)   stopCycle(cycles)\n#define pin_stats_dump(cycles)    printf(\""timer: %Lu\\n\"", cycles)\n\n#define BENCH_PRINT\n\nint rows, cols;\nint* data;\nint** wall;\nint* result;\n#define M_SEED 9\n\nvoid\ninit(int argc, char** argv)\n{\n\tif(argc==3){\n\t\tcols = atoi(argv[1]);\n\t\trows = atoi(argv[2]);\n\t}else{\n                printf(\""Usage: pathfiner width num_of_steps\\n\"");\n                exit(0);\n        }\n\tdata = new int[rows*cols];\n\twall = new int*[rows];\n\tfor(int n=0; n<rows; n++)\n\t\twall[n]=data+cols*n;\n\tresult = new int[cols];\n\t\n\tint seed = M_SEED;\n\tsrand(seed);\n\n\tfor (int i = 0; i < rows; i++)\n    {\n        for (int j = 0; j < cols; j++)\n        {\n            wall[i][j] = rand() % 10;\n        }\n    }\n    for (int j = 0; j < cols; j++)\n        result[j] = wall[0][j];\n#ifdef BENCH_PRINT\n    for (int i = 0; i < rows; i++)\n    {\n        for (int j = 0; j < cols; j++)\n        {\n            printf(\""%d \"",wall[i][j]) ;\n        }\n        printf(\""\\n\"") ;\n    }\n#endif\n}\n\nvoid \nfatal(char *s)\n{\n\tfprintf(stderr, \""error: %s\\n\"", s);\n\n}\n\n#define IN_RANGE(x, min, max)   ((x)>=(min) && (x)<=(max))\n#define CLAMP_RANGE(x, min, max) x = (x<(min)) ? min : ((x>(max)) ? max : x )\n#define MIN(a, b) ((a)<=(b) ? (a) : (b))\n\nint main(int argc, char** argv)\n{\n    run(argc,argv);\n\n    return EXIT_SUCCESS;\n}\n\nvoid run(int argc, char** argv)\n{\n    init(argc, argv);\n\n    unsigned long long cycles;\n\n    int *src, *dst, *temp;\n    int min;\n\n    dst = result;\n    src = new int[cols];\n\n    pin_stats_reset();\n    for (int t = 0; t < rows-1; t++) {\n        temp = src;\n        src = dst;\n        dst = temp;\n        #pragma omp parallel for private(min)\n        for(int n = 0; n < cols; n++){\n          min = src[n];\n          if (n > 0)\n            min = MIN(min, src[n-1]);\n          if (n < cols-1)\n            min = MIN(min, src[n+1]);\n          dst[n] = wall[t+1][n]+min;\n        }\n    }\n\n    pin_stats_pause(cycles);\n    pin_stats_dump(cycles);\n\n#ifdef BENCH_PRINT\n\n    for (int i = 0; i < cols; i++)\n\n            printf(\""%d \"",data[i]) ;\n\n    printf(\""\\n\"") ;\n\n    for (int i = 0; i < cols; i++)\n\n            printf(\""%d \"",dst[i]) ;\n\n    printf(\""\\n\"") ;\n\n#endif\n\n    delete [] data;\n    delete [] wall;\n    delete [] dst;\n    delete [] src;\n}\n""","#include <stdio.h>\n#include <stdlib.h>\n#include <time.h>\n#include <assert.h>\n\n#include \timer.h\""\n\nvoid run(int argc, char** argv);\n\n/* define timer macros */\n#define pin_stats_reset()   startCycle()\n#define pin_stats_pause(cycles)   stopCycle(cycles)\n#define pin_stats_dump(cycles)    printf(\""timer: %Lu\\n\"", cycles)\n\n#define BENCH_PRINT\n\nint rows, cols;\nint* data;\nint** wall;\nint* result;\n#define M_SEED 9\n\nvoid\ninit(int argc, char** argv)\n{\n\tif(argc==3){\n\t\tcols = atoi(argv[1]);\n\t\trows = atoi(argv[2]);\n\t}else{\n                printf(\""Usage: pathfiner width num_of_steps\\n\"");\n                exit(0);\n        }\n\tdata = new int[rows*cols];\n\twall = new int*[rows];\n\tfor(int n=0; n<rows; n++)\n\t\twall[n]=data+cols*n;\n\tresult = new int[cols];\n\t\n\tint seed = M_SEED;\n\tsrand(seed);\n\n\tfor (int i = 0; i < rows; i++)\n    {\n        for (int j = 0; j < cols; j++)\n        {\n            wall[i][j] = rand() % 10;\n        }\n    }\n    for (int j = 0; j < cols; j++)\n        result[j] = wall[0][j];\n#ifdef BENCH_PRINT\n    for (int i = 0; i < rows; i++)\n    {\n        for (int j = 0; j < cols; j++)\n        {\n            printf(\""%d \"",wall[i][j]) ;\n        }\n        printf(\""\\n\"") ;\n    }\n#endif\n}\n\nvoid \nfatal(char *s)\n{\n\tfprintf(stderr, \""error: %s\\n\"", s);\n\n}\n\n#define IN_RANGE(x, min, max)   ((x)>=(min) && (x)<=(max))\n#define CLAMP_RANGE(x, min, max) x = (x<(min)) ? min : ((x>(max)) ? max : x )\n#define MIN(a, b) ((a)<=(b) ? (a) : (b))\n\nint main(int argc, char** argv)\n{\n    run(argc,argv);\n\n    return EXIT_SUCCESS;\n}\n\nvoid run(int argc, char** argv)\n{\n    init(argc, argv);\n\n    unsigned long long cycles;\n\n    int *src, *dst, *temp;\n    int min;\n\n    dst = result;\n    src = new int[cols];\n\n    pin_stats_reset();\n    for (int t = 0; t < rows-1; t++) {\n        temp = src;\n        src = dst;\n        dst = temp;\n        #pragma omp parallel for private(min)\n        for(int n = 0; n < cols; n++){\n          min = src[n];\n          if (n > 0)\n            min = MIN(min, src[n-1]);\n          if (n < cols-1)\n            min = MIN(min, src[n+1]);\n          dst[n] = wall[t+1][n]+min;\n        }\n    }\n\n    pin_stats_pause(cycles);\n    pin_stats_dump(cycles);\n\n#ifdef BENCH_PRINT\n\n    for (int i = 0; i < cols; i++)\n\n            printf(\""%d \"",data[i]) ;\n\n    printf(\""\\n\"") ;\n\n    for (int i = 0; i < cols; i++)\n\n            printf(\""%d \"",dst[i]) ;\n\n    printf(\""\\n\"") ;\n\n#endif\n\n    delete [] data;\n    delete [] wall;\n    delete [] dst;\n    delete [] src;\n}\n"" Generate JSON of 10 OpenMP performance optimization multiple choice questions based on the above code snippet. Each question must be a JSON object with keys: Question: <generated question>, Options: <Four options A, B, C, and D with one correct answer>, Answer: Correct answer to the generated question 'A', 'B', 'C', or 'D'.","{
    ""Questions"": [
        {
            ""Question"": ""What is the correct way to enable nested parallelism in the provided OpenMP code?"",
            ""Options"": {
                ""A"": ""omp_set_nested(1); before the parallel region"",
                ""B"": ""set OMP_NESTED=true in the environment variables"",
                ""C"": ""Use the clause '#pragma omp parallel nested'"",
                ""D"": ""OpenMP does not support nested parallelism""
            },
            ""Answer"": ""A""
        },
        {
            ""Question"": ""Which OpenMP clause should be added to improve data locality for the 'wall' array in the nested loop?"",
            ""Options"": {
                ""A"": ""schedule(static)"",
                ""B"": ""shared(wall)"",
                ""C"": ""firstprivate(wall)"",
                ""D"": ""collapse(2)""
            },
            ""Answer"": ""D""
        },
        {
            ""Question"": ""To avoid false sharing while updating the 'dst' array within the parallel loop, what could be done?"",
            ""Options"": {
                ""A"": ""Align 'dst' array to cache line"",
                ""B"": ""Use 'atomic' directive"",
                ""C"": ""Make 'dst' array private"",
                ""D"": ""Use 'critical' directive""
            },
            ""Answer"": ""A""
        },
        {
            ""Question"": ""Which directive can be used to improve the load balancing of the loop iterations?"",
            ""Options"": {
                ""A"": ""#pragma omp parallel for"",
                ""B"": ""#pragma omp parallel for schedule(static, 1)"",
                ""C"": ""#pragma omp parallel for schedule(dynamic)"",
                ""D"": ""#pragma omp master""
            },
            ""Answer"": ""C""
        },
        {
            ""Question"": ""What is the correct way to initialize the 'wall' and 'result' arrays for parallel execution?"",
            ""Options"": {
                ""A"": ""Using single-threaded initialization before the parallel region"",
                ""B"": ""Using a parallel for with firstprivate clause"",
                ""C"": ""Using a parallel for with reduction clause"",
                ""D"": ""Using a parallel for with lastprivate clause""
            },
            ""Answer"": ""A""
        },
        {
            ""Question"": ""Assuming that 'cols' is very large, what can be done to potentially reduce the overhead of the '#pragma omp parallel for' directive?"",
            ""Options"": {
                ""A"": ""Use a single directive outside the for-loop"",
                ""B"": ""Increase the chunk size in the schedule clause"",
                ""C"": ""Use the 'nowait' clause"",
                ""D"": ""Decrease the number of OpenMP threads""
            },
            ""Answer"": ""B""
        },
        {
            ""Question"": ""Which OpenMP environment variable can be set to specify the number of threads for the parallel regions?"",
            ""Options"": {
                ""A"": ""OMP_NUM_THREADS"",
                ""B"": ""OMP_MAX_THREADS"",
                ""C"": ""OMP_THREAD_LIMIT"",
                ""D"": ""OMP_DYNAMIC_THREADS""
            },
            ""Answer"": ""A""
        },
        {
            ""Question"": ""What is the effect of using the 'private(min)' clause in the '#pragma omp parallel for' directive?"",
            ""Options"": {
                ""A"": ""Each thread will have a separate instance of the variable 'min'"",
                ""B"": ""The variable 'min' will be shared among all threads"",
                ""C"": ""The variable 'min' will be initialized once and then used by all threads"",
                ""D"": ""The variable 'min' will be made static for all iterations""
            },
            ""Answer"": ""A""
        },
        {
            ""Question"": ""What is the potential downside of not specifying a 'schedule' clause in the '#pragma omp parallel for' directive?"",
            ""Options"": {
                ""A"": ""Inefficient usage of CPU cache"",
                ""B"": ""Possible deadlock among threads"",
                ""C"": ""Imbalanced distribution of loop iterations among threads"",
                ""D"": ""Increased overhead of thread creation and destruction""
            },
            ""Answer"": ""C""
        },
        {
            ""Question"": ""What is the result of using 'delete [] data;' at the end of the 'run' function?"",
            ""Options"": {
                ""A"": ""It will return the allocated memory for the 'data' array back to the system"",
                ""B"": ""It will clear the contents of the 'data' array but not free the memory"",
                ""C"": ""It will cause a memory leak"",
                ""D"": ""It will delete the 'wall' array as well""
            },
            ""Answer"": ""A""
        }
    ]
}"
Rodinia rng,"#include <stdlib.h>\n#include <stdio.h>\n#include <math.h>\n#include <sys/time.h>\n#include <omp.h>\n#include <limits.h>\n#define PI acos(-1)\nlong M = INT_MAX;\nint A = 1103515245;\nint C = 12345;\ndouble randu(int * seed, int index)\n{\n\tint num = A*seed[index] + C;\n\tseed[index] = num % M;\n\treturn fabs(seed[index]/((double) M));\n}\ndouble randn(int * seed, int index)\n{\n\tdouble u = randu(seed, index);\n\tdouble v = randu(seed, index);\n\tdouble cosine = cos(2*PI*v);\n\tdouble rt = -2*log(u);\n\treturn sqrt(rt)*cosine;\n}\nint main()\n{\n\tint length = 10000;\n\tint * seed = (int *)malloc(sizeof(int)*length);\n\tint x;\n\tfor(x = 0; x < length; x++)\n\t{\n\t\tseed[x] = time(0)*x;\n\t}\n\tfree(seed);\n\treturn 0;\n}","#include <stdlib.h>\n#include <stdio.h>\n#include <math.h>\n#include <sys/time.h>\n#include <omp.h>\n#include <limits.h>\n#define PI acos(-1)\nlong M = INT_MAX;\nint A = 1103515245;\nint C = 12345;\ndouble randu(int * seed, int index)\n{\n\tint num = A*seed[index] + C;\n\tseed[index] = num % M;\n\treturn fabs(seed[index]/((double) M));\n}\ndouble randn(int * seed, int index)\n{\n\tdouble u = randu(seed, index);\n\tdouble v = randu(seed, index);\n\tdouble cosine = cos(2*PI*v);\n\tdouble rt = -2*log(u);\n\treturn sqrt(rt)*cosine;\n}\nint main()\n{\n\tint length = 10000;\n\tint * seed = (int *)malloc(sizeof(int)*length);\n\tint x;\n\tfor(x = 0; x < length; x++)\n\t{\n\t\tseed[x] = time(0)*x;\n\t}\n\tfree(seed);\n\treturn 0;\n} Generate JSON of 10 OpenMP performance optimization multiple choice questions based on the above code snippet. Each question must be a JSON object with keys: Question: <generated question>, Options: <Four options A, B, C, and D with one correct answer>, Answer: Correct answer to the generated question 'A', 'B', 'C', or 'D'.","{
    ""Questions"": [
        {
            ""Question"": ""What OpenMP clause should be added to parallelize the for loop in the main function for optimal performance?"",
            ""Options"": {
                ""A"": ""#pragma omp parallel for private(x)"",
                ""B"": ""#pragma omp parallel for shared(seed)"",
                ""C"": ""#pragma omp single"",
                ""D"": ""#pragma omp master""
            },
            ""Answer"": ""A""
        },
        {
            ""Question"": ""Which of the following OpenMP functions are used to retrieve the elapsed wall clock time?"",
            ""Options"": {
                ""A"": ""omp_set_num_threads()"",
                ""B"": ""omp_get_wtime()"",
                ""C"": ""omp_get_thread_num()"",
                ""D"": ""omp_get_max_threads()""
            },
            ""Answer"": ""B""
        },
        {
            ""Question"": ""To prevent race conditions when updating the 'seed' array in parallel, what OpenMP directive should be used?"",
            ""Options"": {
                ""A"": ""#pragma omp atomic"",
                ""B"": ""#pragma omp critical"",
                ""C"": ""#pragma omp barrier"",
                ""D"": ""#pragma omp master""
            },
            ""Answer"": ""B""
        },
        {
            ""Question"": ""If the goal is to maximize the use of available processors for the parallel region in the main function, which OpenMP environment variable should be set?"",
            ""Options"": {
                ""A"": ""OMP_NUM_THREADS"",
                ""B"": ""OMP_SCHEDULE"",
                ""C"": ""OMP_DYNAMIC"",
                ""D"": ""OMP_WAIT_POLICY""
            },
            ""Answer"": ""A""
        },
        {
            ""Question"": ""Which optimization can be applied to the 'randu' function to potentially improve performance with OpenMP?"",
            ""Options"": {
                ""A"": ""Using #pragma omp task"",
                ""B"": ""Using #pragma omp parallel"",
                ""C"": ""Inlining the function"",
                ""D"": ""Making the 'num' variable global""
            },
            ""Answer"": ""C""
        },
        {
            ""Question"": ""When using OpenMP, what is the potential downside of having too many threads equal to the length of the array 'seed'?"",
            ""Options"": {
                ""A"": ""May cause false sharing"",
                ""B"": ""Decreases the workload for each thread to a point where overhead dominates"",
                ""C"": ""Can cause a deadlock situation"",
                ""D"": ""Overhead of creating threads may outweigh parallelization benefits""
            },
            ""Answer"": ""D""
        },
        {
            ""Question"": ""Which of the following best describes how OpenMP handles data scoping for variables within parallel regions?"",
            ""Options"": {
                ""A"": ""All variables are shared by default"",
                ""B"": ""All variables are private by default"",
                ""C"": ""Static variables are private and automatic variables are shared by default"",
                ""D"": ""Static variables are shared and automatic variables are private by default""
            },
            ""Answer"": ""D""
        },
        {
            ""Question"": ""What OpenMP directive should be used to reduce the overhead of frequently starting and stopping parallel regions within a loop?"",
            ""Options"": {
                ""A"": ""#pragma omp parallel for"",
                ""B"": ""#pragma omp single"",
                ""C"": ""#pragma omp for"",
                ""D"": ""#pragma omp parallel""
            },
            ""Answer"": ""A""
        },
        {
            ""Question"": ""In the context of the given code, which OpenMP scheduling policy is likely to provide the most consistent performance across different loop iterations?"",
            ""Options"": {
                ""A"": ""Static scheduling"",
                ""B"": ""Dynamic scheduling"",
                ""C"": ""Guided scheduling"",
                ""D"": ""Runtime scheduling""
            },
            ""Answer"": ""A""
        },
        {
            ""Question"": ""What effect does the OpenMP 'collapse' clause have when applied to nested loops?"",
            ""Options"": {
                ""A"": ""It merges nested loops into a single loop to improve workload distribution"",
                ""B"": ""It prevents nested loops from being executed in parallel"",
                ""C"": ""It creates a separate parallel region for each nested loop"",
                ""D"": ""It forces the nested loops to be executed in a specific order""
            },
            ""Answer"": ""A""
        }
    ]
}"
Rodinia-hotspot,"#include <stdio.h>\n#include <stdlib.h>\n#include <omp.h>\n#include <sys/time.h>\n\nlong long get_time()\n{\nstruct timeval tv;\ngettimeofday(&tv, NULL);\nreturn (tv.tv_sec * 1000000) + tv.tv_usec;\n}\n\nusing namespace std;\n\n#define BLOCK_SIZE 16\n#define BLOCK_SIZE_C BLOCK_SIZE\n#define BLOCK_SIZE_R BLOCK_SIZE\n\n#define STR_SIZE 256\n\n#define MAX_PD (3.0e6)\n#define PRECISION 0.001\n#define SPEC_HEAT_SI 1.75e6\n#define K_SI 100\n#define FACTOR_CHIP 0.5\n#define OPEN\n#define NUM_THREAD 4\n\ntypedef float FLOAT;\n\nconst FLOAT t_chip = 0.0005;\nconst FLOAT chip_height = 0.016;\nconst FLOAT chip_width = 0.016;\n\n#ifdef OMP_OFFLOAD\n#pragma offload_attribute(push, target(mic))\n#endif\n\nconst FLOAT amb_temp = 80.0;\n\nint num_omp_threads;\n\nvoid single_iteration(FLOAT *result, FLOAT *temp, FLOAT *power, int row, int col,\nFLOAT Cap_1, FLOAT Rx_1, FLOAT Ry_1, FLOAT Rz_1,\nFLOAT step)\n{\nFLOAT delta;\nint r, c;\nint chunk;\nint num_chunk = row*col / (BLOCK_SIZE_R * BLOCK_SIZE_C);\nint chunks_in_row = col/BLOCK_SIZE_C;\nint chunks_in_col = row/BLOCK_SIZE_R;\n\n#ifdef OPEN\n#ifndef __MIC__\nomp_set_num_threads(num_omp_threads);\n#endif\n#pragma omp parallel for shared(power, temp, result) private(chunk, r, c, delta) firstprivate(row, col, num_chunk, chunks_in_row) schedule(static)\n#endif\nfor ( chunk = 0; chunk < num_chunk; ++chunk )\n{\nint r_start = BLOCK_SIZE_R*(chunk/chunks_in_col);\nint c_start = BLOCK_SIZE_C*(chunk%chunks_in_row);\nint r_end = r_start + BLOCK_SIZE_R > row ? row : r_start + BLOCK_SIZE_R;\nint c_end = c_start + BLOCK_SIZE_C > col ? col : c_start + BLOCK_SIZE_C;\n\nif ( r_start == 0 || c_start == 0 || r_end == row || c_end == col )\n{\nfor ( r = r_start; r < r_start + BLOCK_SIZE_R; ++r ) {\nfor ( c = c_start; c < c_start + BLOCK_SIZE_C; ++c ) {\nif ( (r == 0) && (c == 0) ) {\ndelta = (Cap_1) * (power[0] +\n(temp[1] - temp[0]) * Rx_1 +\n(temp[col] - temp[0]) * Ry_1 +\n(amb_temp - temp[0]) * Rz_1);\n} else if ((r == 0) && (c == col-1)) {\ndelta = (Cap_1) * (power[c] +\n(temp[c-1] - temp[c]) * Rx_1 +\n(temp[c+col] - temp[c]) * Ry_1 +\n(amb_temp - temp[c]) * Rz_1);\n} else if ((r == row-1) && (c == col-1)) {\ndelta = (Cap_1) * (power[r*col+c] +\n(temp[r*col+c-1] - temp[r*col+c]) * Rx_1 +\n(temp[(r-1)*col+c] - temp[r*col+c]) * Ry_1 +\n(amb_temp - temp[r*col+c]) * Rz_1);\n} else if ((r == row-1) && (c == 0)) {\ndelta = (Cap_1) * (power[r*col] +\n(temp[r*col+1] - temp[r*col]) * Rx_1 +\n(temp[(r-1)*col] - temp[r*col]) * Ry_1 +\n(amb_temp - temp[r*col]) * Rz_1);\n} else if (r == 0) {\ndelta = (Cap_1) * (power[c] +\n(temp[c+1] + temp[c-1] - 2.0*temp[c]) * Rx_1 +\n(temp[col+c] -
","#include <stdio.h>\n#include <stdlib.h>\n#include <omp.h>\n#include <sys/time.h>\n\nlong long get_time()\n{\nstruct timeval tv;\ngettimeofday(&tv, NULL);\nreturn (tv.tv_sec * 1000000) + tv.tv_usec;\n}\n\nusing namespace std;\n\n#define BLOCK_SIZE 16\n#define BLOCK_SIZE_C BLOCK_SIZE\n#define BLOCK_SIZE_R BLOCK_SIZE\n\n#define STR_SIZE 256\n\n#define MAX_PD (3.0e6)\n#define PRECISION 0.001\n#define SPEC_HEAT_SI 1.75e6\n#define K_SI 100\n#define FACTOR_CHIP 0.5\n#define OPEN\n#define NUM_THREAD 4\n\ntypedef float FLOAT;\n\nconst FLOAT t_chip = 0.0005;\nconst FLOAT chip_height = 0.016;\nconst FLOAT chip_width = 0.016;\n\n#ifdef OMP_OFFLOAD\n#pragma offload_attribute(push, target(mic))\n#endif\n\nconst FLOAT amb_temp = 80.0;\n\nint num_omp_threads;\n\nvoid single_iteration(FLOAT *result, FLOAT *temp, FLOAT *power, int row, int col,\nFLOAT Cap_1, FLOAT Rx_1, FLOAT Ry_1, FLOAT Rz_1,\nFLOAT step)\n{\nFLOAT delta;\nint r, c;\nint chunk;\nint num_chunk = row*col / (BLOCK_SIZE_R * BLOCK_SIZE_C);\nint chunks_in_row = col/BLOCK_SIZE_C;\nint chunks_in_col = row/BLOCK_SIZE_R;\n\n#ifdef OPEN\n#ifndef __MIC__\nomp_set_num_threads(num_omp_threads);\n#endif\n#pragma omp parallel for shared(power, temp, result) private(chunk, r, c, delta) firstprivate(row, col, num_chunk, chunks_in_row) schedule(static)\n#endif\nfor ( chunk = 0; chunk < num_chunk; ++chunk )\n{\nint r_start = BLOCK_SIZE_R*(chunk/chunks_in_col);\nint c_start = BLOCK_SIZE_C*(chunk%chunks_in_row);\nint r_end = r_start + BLOCK_SIZE_R > row ? row : r_start + BLOCK_SIZE_R;\nint c_end = c_start + BLOCK_SIZE_C > col ? col : c_start + BLOCK_SIZE_C;\n\nif ( r_start == 0 || c_start == 0 || r_end == row || c_end == col )\n{\nfor ( r = r_start; r < r_start + BLOCK_SIZE_R; ++r ) {\nfor ( c = c_start; c < c_start + BLOCK_SIZE_C; ++c ) {\nif ( (r == 0) && (c == 0) ) {\ndelta = (Cap_1) * (power[0] +\n(temp[1] - temp[0]) * Rx_1 +\n(temp[col] - temp[0]) * Ry_1 +\n(amb_temp - temp[0]) * Rz_1);\n} else if ((r == 0) && (c == col-1)) {\ndelta = (Cap_1) * (power[c] +\n(temp[c-1] - temp[c]) * Rx_1 +\n(temp[c+col] - temp[c]) * Ry_1 +\n(amb_temp - temp[c]) * Rz_1);\n} else if ((r == row-1) && (c == col-1)) {\ndelta = (Cap_1) * (power[r*col+c] +\n(temp[r*col+c-1] - temp[r*col+c]) * Rx_1 +\n(temp[(r-1)*col+c] - temp[r*col+c]) * Ry_1 +\n(amb_temp - temp[r*col+c]) * Rz_1);\n} else if ((r == row-1) && (c == 0)) {\ndelta = (Cap_1) * (power[r*col] +\n(temp[r*col+1] - temp[r*col]) * Rx_1 +\n(temp[(r-1)*col] - temp[r*col]) * Ry_1 +\n(amb_temp - temp[r*col]) * Rz_1);\n} else if (r == 0) {\ndelta = (Cap_1) * (power[c] +\n(temp[c+1] + temp[c-1] - 2.0*temp[c]) * Rx_1 +\n(temp[col+c] -
 Generate JSON of 10 OpenMP performance optimization multiple choice questions based on the above code snippet. Each question must be a JSON object with keys: Question: <generated question>, Options: <Four options A, B, C, and D with one correct answer>, Answer: Correct answer to the generated question 'A', 'B', 'C', or 'D'.","{
    ""Questions"": [
        {
            ""Question"": ""What is the purpose of '#pragma omp parallel for' in the code?"",
            ""Options"": {
                ""A"": ""To automatically distribute the loop iterations among the available processors without threading."",
                ""B"": ""To direct the compiler to parallelize the following loop using the specified number of threads."",
                ""C"": ""To create a single thread that will execute the following loop iterations."",
                ""D"": ""To ensure loop iterations are executed sequentially.""
            },
            ""Answer"": ""B""
        },
        {
            ""Question"": ""What does 'schedule(static)' specify in the OpenMP '#pragma omp parallel for' directive?"",
            ""Options"": {
                ""A"": ""It lets the runtime dynamically decide the scheduling policy."",
                ""B"": ""It causes the loop iterations to be scheduled dynamically based on the thread execution speed."",
                ""C"": ""It specifies that the loop iterations are divided into pieces of a predefined size and assigned to threads in round-robin fashion."",
                ""D"": ""It informs the runtime system to adjust the scheduling during runtime based on the system load.""
            },
            ""Answer"": ""C""
        },
        {
            ""Question"": ""What is the significance of using 'BLOCK_SIZE' in the code?"",
            ""Options"": {
                ""A"": ""To define the size of the matrix for the simulation."",
                ""B"": ""To specify the number of OpenMP threads to be used in the computation."",
                ""C"": ""To calculate the chunk size for improved cache utilization during computation."",
                ""D"": ""To represent the temperature delta for the simulation.""
            },
            ""Answer"": ""C""
        },
        {
            ""Question"": ""Why is 'omp_set_num_threads(num_omp_threads)' called outside of the parallel region?"",
            ""Options"": {
                ""A"": ""To set the maximum number of threads for all subsequent parallel regions."",
                ""B"": ""To set the number of threads for a single parallel region only."",
                ""C"": ""To limit the number of threads the operating system can use."",
                ""D"": ""To query the number of threads available for parallel execution.""
            },
            ""Answer"": ""A""
        },
        {
            ""Question"": ""What is the role of 'firstprivate' in the OpenMP parallel for construct?"",
            ""Options"": {
                ""A"": ""It creates a shared variable that all threads can access and modify."",
                ""B"": ""It initializes each thread with its own copy of a variable, with the initial value being the value of the variable at the point of the construct."",
                ""C"": ""It designates variables that should be shared between different threads."",
                ""D"": ""It privatizes the variable, restricting thread access to the variable.""
            },
            ""Answer"": ""B""
        },
        {
            ""Question"": ""Which of the following scenarios would most likely lead to false sharing and reduce the performance of the code?"",
            ""Options"": {
                ""A"": ""Chunk sizes are much larger than the cache line size."",
                ""B"": ""Chunk sizes are much smaller than the cache line size."",
                ""C"": ""Chunk sizes are exactly equal to the cache line size."",
                ""D"": ""Chunk sizes are variable and adjusted at runtime.""
            },
            ""Answer"": ""B""
        },
        {
            ""Question"": ""How can the performance of the code be improved when executing on a system with a non-uniform memory access (NUMA) architecture?"",
            ""Options"": {
                ""A"": ""By pinning threads to specific processors to minimize memory latency."",
                ""B"": ""By enabling dynamic adjustment of thread priorities."",
                ""C"": ""By increasing the number of threads beyond the number of physical cores."",
                ""D"": ""By decreasing the number of threads to minimize context switching.""
            },
            ""Answer"": ""A""
        },
        {
            ""Question"": ""What is the primary effect of setting 'OMP_NUM_THREADS' in the environment?"",
            ""Options"": {
                ""A"": ""It specifies the maximum amount of memory to be used by OpenMP threads."",
                ""B"": ""It sets the upper limit for the block size in loop chunking."",
                ""C"": ""It defines the number of threads the OpenMP runtime will use for parallel regions."",
                ""D"": ""It constrains the number of simultaneous file I/O operations by OpenMP threads.""
            },
            ""Answer"": ""C""
        },
        {
            ""Question"": ""Which of the following would NOT be an appropriate optimization for OpenMP loop scheduling in this code?"",
            ""Options"": {
                ""A"": ""Using 'schedule(guided)' to deal with unbalanced workloads across loop iterations."",
                ""B"": ""Employing 'schedule(static,1)' to improve load balancing of loop iterations."",
                ""C"": ""Applying 'schedule(dynamic)' to allow runtime to distribute iterations as threads become free."",
                ""D"": ""Maintaining 'schedule(static)' for loops with perfectly balanced iterations and no interdependencies.""
            },
            ""Answer"": ""B""
        },
        {
            ""Question"": ""What potential downside is there to increasing 'NUM_THREAD' to a number significantly higher than the number of physical cores in the system?"",
            ""Options"": {
                ""A"": ""It would restrict the number of available cores to other processes on the system."",
                ""B"": ""It might cause a decrease in performance due to overhead from context switching and cache contention."",
                ""C"": ""It would cause the system to run out of memory due to thread stack allocation."",
                ""D"": ""It could disable the system's ability to use hyper-threading technology.""
            },
            ""Answer"": ""B""
        }
    ]
}"
Rodinia-SRAD,"#define OPEN\n#define\tITERATION\n#include <stdlib.h>\n#include <stdio.h>\n#include <string.h>\n#include <math.h>\n#include <omp.h>\nvoid random_matrix(float *I, int rows, int cols);\nvoid usage(int argc, char **argv)\n{\n\tfprintf(stderr, \Usage: %s <rows> <cols> <y1> <y2> <x1> <x2> <no. of threads><lamda> <no. of iter>\\n\"", argv[0]);\n\tfprintf(stderr, \""\t<rows>   - number of rows\\n\"");\n\tfprintf(stderr, \""\t<cols>    - number of cols\\n\"");\n\tfprintf(stderr, \""\t<y1> \t - y1 value of the speckle\\n\"");\n\tfprintf(stderr, \""\t<y2>      - y2 value of the speckle\\n\"");\n\tfprintf(stderr, \""\t<x1>       - x1 value of the speckle\\n\"");\n\tfprintf(stderr, \""\t<x2>       - x2 value of the speckle\\n\"");\n\tfprintf(stderr, \""\t<no. of threads>  - no. of threads\\n\"");\n\tfprintf(stderr, \""\t<lamda>   - lambda (0,1)\\n\"");\n\tfprintf(stderr, \""\t<no. of iter>   - number of iterations\\n\"");\n\t\n\texit(1);\n}\nint main(int argc, char* argv[])\n{\n\tint rows, cols, size_I, size_R, niter = 10, iter, k;\n\tfloat *I, *J, q0sqr, sum, sum2, tmp, meanROI,varROI ;\n\tfloat Jc, G2, L, num, den, qsqr;\n\tint *iN,*iS,*jE,*jW;\n\tfloat *dN,*dS,*dW,*dE;\n\tint r1, r2, c1, c2;\n\tfloat cN,cS,cW,cE;\n\tfloat *c, D;\n\tfloat lambda;\n\tint i, j;\n\tint nthreads;\n\tif (argc == 10)\n\t{\n\t\trows = atoi(argv[1]); //number of rows in the domain\n\t\tcols = atoi(argv[2]); //number of cols in the domain\n\t\tif ((rows%16!=0) || (cols%16!=0)){\n\t\t\tfprintf(stderr, \""rows and cols must be multiples of 16\\n\"");\n\t\t\texit(1);\n\t\t}\n\t\tr1   = atoi(argv[3]); //y1 position of the speckle\n\t\tr2   = atoi(argv[4]); //y2 position of the speckle\n\t\tc1   = atoi(argv[5]); //x1 position of the speckle\n\t\tc2   = atoi(argv[6]); //x2 position of the speckle\n\t\tnthreads = atoi(argv[7]); // number of threads\n\t\tlambda = atof(argv[8]); //Lambda value\n\t\tniter = atoi(argv[9]); //number of iterations\n\t}\n\telse{\n\t\tusage(argc, argv);\n\t}\n\n\n\tsize_I = cols * rows;\n\tsize_R = (r2-r1+1)*(c2-c1+1);   \n\tI = (float *)malloc( size_I * sizeof(float) );\n\tJ = (float *)malloc( size_I * sizeof(float) );\n\tc  = (float *)malloc(sizeof(float)* size_I) ;\n\tiN = (int *)malloc(sizeof(unsigned int*) * rows) ;\n\tiS = (int *)malloc(sizeof(unsigned int*) * rows) ;\n\tjW = (int *)malloc(sizeof(unsigned int*) * cols) ;\n\tjE = (int *)malloc(sizeof(unsigned int*) * cols) ;    \n\tdN = (float *)malloc(sizeof(float)* size_I) ;\n\tdS = (float *)malloc(sizeof(float)* size_I) ;\n\tdW = (float *)malloc(sizeof(float)* size_I) ;\n\tdE = (float *)malloc(sizeof(float)* size_I) ;    \n\tfor (int i=0; i< rows; i++) {\n\t\tiN[i] = i-1;\n\t\tiS[i] = i+1;\n\t}    \n\tfor (int j=0; j< cols; j++) {\n\t\tjW[j] = j-1;\n\t\tjE[j] = j+1;\n\t}\n\tiN[0]    = 0;\n\tiS[rows-1] = rows-1;\n\tjW[0]    = 0;\n\tjE[cols-1] = cols-1;\n\t\n\tprintf(\""Randomizing the input matrix\\n\"");\n\n\trandom_matrix(I, rows, cols);\n\n\tfor (k = 0;  k < size_I; k++ ) {\n\t\tJ[k] = (float)exp(I[k]) ;\n\t}\n\t\n\tprintf(\""Start the SRAD main loop\\n\"");\n\n#ifdef ITERATION\n\tfor (iter=0; iter< niter; iter++){\n#endif        \n\t\tsum=0; sum2=0;     \n\t\tfor (i=r1; i<=r2; i++) {\n\t\t\tfor (j=c1; j<=c2; j++) {\n\t\t\t\ttmp   = J[i * cols + j];\n\t\t\t\tsum  += tmp ;\n\t\t\t\tsum2 += tmp*tmp;\n\t\t\t}\n\t\t}\n\t\tmeanROI = sum / size_R;\n\t\tvarROI  = (sum2 / size_R) - meanROI*meanROI;\n\t\tq0sqr   = varROI / (meanROI*meanROI);\n\t\t\n\n#ifdef OPEN\n\t\tomp_set_num_threads(nthreads);\n\t\t#pragma omp parallel for shared(J, dN, dS, dW, dE, c, rows, cols, iN, iS, jW, jE) private(i, j, k, Jc, G2, L, num, den, qsqr)\n#endif    \n\t\tfor (int i = 0 ; i < rows ; i++) {\n\t\t\tfor (int j = 0; j < cols; j++) { \n\t\t\t\n\t\t\t\tk = i * cols","#define OPEN\n#define\tITERATION\n#include <stdlib.h>\n#include <stdio.h>\n#include <string.h>\n#include <math.h>\n#include <omp.h>\nvoid random_matrix(float *I, int rows, int cols);\nvoid usage(int argc, char **argv)\n{\n\tfprintf(stderr, \Usage: %s <rows> <cols> <y1> <y2> <x1> <x2> <no. of threads><lamda> <no. of iter>\\n\"", argv[0]);\n\tfprintf(stderr, \""\t<rows>   - number of rows\\n\"");\n\tfprintf(stderr, \""\t<cols>    - number of cols\\n\"");\n\tfprintf(stderr, \""\t<y1> \t - y1 value of the speckle\\n\"");\n\tfprintf(stderr, \""\t<y2>      - y2 value of the speckle\\n\"");\n\tfprintf(stderr, \""\t<x1>       - x1 value of the speckle\\n\"");\n\tfprintf(stderr, \""\t<x2>       - x2 value of the speckle\\n\"");\n\tfprintf(stderr, \""\t<no. of threads>  - no. of threads\\n\"");\n\tfprintf(stderr, \""\t<lamda>   - lambda (0,1)\\n\"");\n\tfprintf(stderr, \""\t<no. of iter>   - number of iterations\\n\"");\n\t\n\texit(1);\n}\nint main(int argc, char* argv[])\n{\n\tint rows, cols, size_I, size_R, niter = 10, iter, k;\n\tfloat *I, *J, q0sqr, sum, sum2, tmp, meanROI,varROI ;\n\tfloat Jc, G2, L, num, den, qsqr;\n\tint *iN,*iS,*jE,*jW;\n\tfloat *dN,*dS,*dW,*dE;\n\tint r1, r2, c1, c2;\n\tfloat cN,cS,cW,cE;\n\tfloat *c, D;\n\tfloat lambda;\n\tint i, j;\n\tint nthreads;\n\tif (argc == 10)\n\t{\n\t\trows = atoi(argv[1]); //number of rows in the domain\n\t\tcols = atoi(argv[2]); //number of cols in the domain\n\t\tif ((rows%16!=0) || (cols%16!=0)){\n\t\t\tfprintf(stderr, \""rows and cols must be multiples of 16\\n\"");\n\t\t\texit(1);\n\t\t}\n\t\tr1   = atoi(argv[3]); //y1 position of the speckle\n\t\tr2   = atoi(argv[4]); //y2 position of the speckle\n\t\tc1   = atoi(argv[5]); //x1 position of the speckle\n\t\tc2   = atoi(argv[6]); //x2 position of the speckle\n\t\tnthreads = atoi(argv[7]); // number of threads\n\t\tlambda = atof(argv[8]); //Lambda value\n\t\tniter = atoi(argv[9]); //number of iterations\n\t}\n\telse{\n\t\tusage(argc, argv);\n\t}\n\n\n\tsize_I = cols * rows;\n\tsize_R = (r2-r1+1)*(c2-c1+1);   \n\tI = (float *)malloc( size_I * sizeof(float) );\n\tJ = (float *)malloc( size_I * sizeof(float) );\n\tc  = (float *)malloc(sizeof(float)* size_I) ;\n\tiN = (int *)malloc(sizeof(unsigned int*) * rows) ;\n\tiS = (int *)malloc(sizeof(unsigned int*) * rows) ;\n\tjW = (int *)malloc(sizeof(unsigned int*) * cols) ;\n\tjE = (int *)malloc(sizeof(unsigned int*) * cols) ;    \n\tdN = (float *)malloc(sizeof(float)* size_I) ;\n\tdS = (float *)malloc(sizeof(float)* size_I) ;\n\tdW = (float *)malloc(sizeof(float)* size_I) ;\n\tdE = (float *)malloc(sizeof(float)* size_I) ;    \n\tfor (int i=0; i< rows; i++) {\n\t\tiN[i] = i-1;\n\t\tiS[i] = i+1;\n\t}    \n\tfor (int j=0; j< cols; j++) {\n\t\tjW[j] = j-1;\n\t\tjE[j] = j+1;\n\t}\n\tiN[0]    = 0;\n\tiS[rows-1] = rows-1;\n\tjW[0]    = 0;\n\tjE[cols-1] = cols-1;\n\t\n\tprintf(\""Randomizing the input matrix\\n\"");\n\n\trandom_matrix(I, rows, cols);\n\n\tfor (k = 0;  k < size_I; k++ ) {\n\t\tJ[k] = (float)exp(I[k]) ;\n\t}\n\t\n\tprintf(\""Start the SRAD main loop\\n\"");\n\n#ifdef ITERATION\n\tfor (iter=0; iter< niter; iter++){\n#endif        \n\t\tsum=0; sum2=0;     \n\t\tfor (i=r1; i<=r2; i++) {\n\t\t\tfor (j=c1; j<=c2; j++) {\n\t\t\t\ttmp   = J[i * cols + j];\n\t\t\t\tsum  += tmp ;\n\t\t\t\tsum2 += tmp*tmp;\n\t\t\t}\n\t\t}\n\t\tmeanROI = sum / size_R;\n\t\tvarROI  = (sum2 / size_R) - meanROI*meanROI;\n\t\tq0sqr   = varROI / (meanROI*meanROI);\n\t\t\n\n#ifdef OPEN\n\t\tomp_set_num_threads(nthreads);\n\t\t#pragma omp parallel for shared(J, dN, dS, dW, dE, c, rows, cols, iN, iS, jW, jE) private(i, j, k, Jc, G2, L, num, den, qsqr)\n#endif    \n\t\tfor (int i = 0 ; i < rows ; i++) {\n\t\t\tfor (int j = 0; j < cols; j++) { \n\t\t\t\n\t\t\t\tk = i * cols Generate JSON of 10 OpenMP performance optimization multiple choice questions based on the above code snippet. Each question must be a JSON object with keys: Question: <generated question>, Options: <Four options A, B, C, and D with one correct answer>, Answer: Correct answer to the generated question 'A', 'B', 'C', or 'D'.","{
  ""Questions"": [
    {
      ""Question"": ""What is the purpose of the `omp_set_num_threads(nthreads);` directive in the above code?"",
      ""Options"": {
        ""A"": ""To specify the number of iterations for the loop"",
        ""B"": ""To create a separate copy of the entire program for each thread"",
        ""C"": ""To define the number of threads in the team that will execute the following parallel region"",
        ""D"": ""To limit the maximum number of threads to be used in the entire program""
      },
      ""Answer"": ""C""
    },
    {
      ""Question"": ""In the context of the above code, which of the following data-sharing attributes best describes the variable `rows` in the parallel region?"",
      ""Options"": {
        ""A"": ""Private"",
        ""B"": ""Firstprivate"",
        ""C"": ""Shared"",
        ""D"": ""Reduction""
      },
      ""Answer"": ""C""
    },
    {
      ""Question"": ""In the code snippet provided, which OpenMP clause ensures that the temporary variables `Jc`, `G2`, `L`, `num`, `den`, and `qsqr` are privately accessed by each thread?"",
      ""Options"": {
        ""A"": ""private(i, j, k, Jc, G2, L, num, den, qsqr)"",
        ""B"": ""firstprivate(Jc, G2, L, num, den, qsqr)"",
        ""C"": ""shared(Jc, G2, L, num, den, qsqr)"",
        ""D"": ""default(none)""
      },
      ""Answer"": ""A""
    },
    {
      ""Question"": ""The variables `dN`, `dS`, `dW`, `dE`, and `c` have been shared across threads. What is the potential issue that might arise from this decision?"",
      ""Options"": {
        ""A"": ""Load imbalance"",
        ""B"": ""False sharing"",
        ""C"": ""Thread divergence"",
        ""D"": ""Memory leaks""
      },
      ""Answer"": ""B""
    },
    {
      ""Question"": ""Why does the code have checks to ensure that the number of rows and columns are multiples of 16?"",
      ""Options"": {
        ""A"": ""To avoid integer overflow errors"",
        ""B"": ""To utilize SIMD instructions efficiently"",
        ""C"": ""To enable easy serialization of data"",
        ""D"": ""To ensure that the memory is properly aligned for better cache performance""
      },
      ""Answer"": ""D""
    },
    {
      ""Question"": ""What performance issue may need to be addressed when using the `#pragma omp parallel for` directive for the nested loops iterating over rows and columns?"",
      ""Options"": {
        ""A"": ""Thread contention"",
        ""B"": ""Load imbalance due to uneven distribution of work"",
        ""C"": ""Cache coherence delays"",
        ""D"": ""Redundant barrier synchronizations""
      },
      ""Answer"": ""B""
    },
    {
      ""Question"": ""To maximize performance, what is the most appropriate OpenMP scheduling strategy for the nested loops given no information about the computational workload?"",
      ""Options"": {
        ""A"": ""static scheduling"",
        ""B"": ""dynamic scheduling"",
        ""C"": ""guided scheduling"",
        ""D"": ""runtime scheduling""
      },
      ""Answer"": ""D""
    },
    {
      ""Question"": ""In a system with non-uniform memory access (NUMA) architecture, which OpenMP environment variable or clause should be used to improve data locality?"",
      ""Options"": {
        ""A"": ""OMP_PROC_BIND"",
        ""B"": ""OMP_PLACES"",
        ""C"": ""OMP_SCHEDULE"",
        ""D"": ""OMP_DYNAMIC""
      },
      ""Answer"": ""B""
    },
    {
      ""Question"": ""Which OpenMP directive or clause can be used to prevent race conditions when updating a shared variable `sum`?"",
      ""Options"": {
        ""A"": ""atomic"",
        ""B"": ""critical"",
        ""C"": ""single"",
        ""D"": ""master""
      },
      ""Answer"": ""A""
    },
    {
      ""Question"": ""Considering modern CPU architectures, why should the `J` array be initialized using `exp(I[k])` in a separate loop before entering the main SRAD loop?"",
      ""Options"": {
        ""A"": ""To enable vectorization of the subsequent loops"",
        ""B"": ""To prevent register spilling"",
        ""C"": ""To use processor's turbo boost"",
        ""D"": ""To prefetch data into cache""
      },
      ""Answer"": ""A""
    }
  ]
}"
Rodinia-LUD,"#include <stdio.h>\n#include <omp.h>\n\nextern int omp_num_threads;\n\n#define BS 16\n\n#define AA(_i,_j) a[offset*size+_i*size+_j+offset]\n#define BB(_i,_j) a[_i*size+_j]\n\n#ifdef OMP_OFFLOAD\n#pragma offload_attribute(push, target(mic))\n#endif\n\nvoid lud_diagonal_omp (float* a, int size, int offset)\n{\n    int i, j, k;\n    for (i = 0; i < BS; i++) {\n\n        for (j = i; j < BS; j++) {\n            for (k = 0; k < i ; k++) {\n                AA(i,j) = AA(i,j) - AA(i,k) * AA(k,j);\n            }\n        }\n   \n        float temp = 1.f/AA(i,i);\n        for (j = i+1; j < BS; j++) {\n            for (k = 0; k < i ; k++) {\n                AA(j,i) = AA(j,i) - AA(j,k) * AA(k,i);\n            }\n            AA(j,i) = AA(j,i)*temp;\n        }\n    }\n\n}\n\n#ifdef OMP_OFFLOAD\n#pragma offload_attribute(pop)\n#endif\n\n\n// implements block LU factorization \nvoid lud_omp(float *a, int size)\n{\n    int offset, chunk_idx, size_inter, chunks_in_inter_row, chunks_per_inter;\n\n#ifdef OMP_OFFLOAD\n#pragma omp target map(to: size) map(a[0:size*size])\n#endif\n\n#ifdef OMP_OFFLOAD\n{\n    omp_set_num_threads(224);\n#else\n    printf(\running OMP on host\\n\"");\n    omp_set_num_threads(omp_num_threads);\n#endif\n    for (offset = 0; offset < size - BS ; offset += BS)\n    {\n        // lu factorization of left-top corner block diagonal matrix \n        //\n        lud_diagonal_omp(a, size, offset);\n            \n        size_inter = size - offset -  BS;\n        chunks_in_inter_row  = size_inter/BS;\n        \n        // calculate perimeter block matrices\n        // \n        #pragma omp parallel for default(none) \\\n          private(chunk_idx) shared(size, chunks_per_inter, chunks_in_inter_row, offset, a) \n        for ( chunk_idx = 0; chunk_idx < chunks_in_inter_row; chunk_idx++)\n        {\n            int i, j, k, i_global, j_global, i_here, j_here;\n            float sum;           \n            float temp[BS*BS] __attribute__ ((aligned (64)));\n\n            for (i = 0; i < BS; i++) {\n                #pragma omp simd\n                for (j =0; j < BS; j++){\n                    temp[i*BS + j] = a[size*(i + offset) + offset + j ];\n                }\n            }\n            i_global = offset;\n            j_global = offset;\n            \n            // processing top perimeter\n            //\n            j_global += BS * (chunk_idx+1);\n            for (j = 0; j < BS; j++) {\n                for (i = 0; i < BS; i++) {\n                    sum = 0.f;\n                    for (k=0; k < i; k++) {\n                        sum += temp[BS*i +k] * BB((i_global+k),(j_global+j));\n                    }\n                    i_here = i_global + i;\n                    j_here = j_global + j;\n                    BB(i_here, j_here) = BB(i_here,j_here) - sum;\n                }\n            }\n\n            // processing left perimeter\n            //\n            j_global = offset;\n            i_global += BS * (chunk_idx + 1);\n            for (i = 0; i < BS; i++) {\n                for (j = 0; j < BS; j++) {\n                    sum = 0.f;\n                    for (k=0; k < j; k++) {\n                        sum += BB((i_global+i),(j_global+k)) * temp[BS*k + j];\n                    }\n                    i_here = i_global + i;\n                    j_here = j_global + j;\n                    a[size*i_here + j_here] = ( a[size*i_here+j_here] - sum ) / a[size*(offset+j) + offset+j];\n                }\n            }\n\n        }\n        \n        // update interior block matrices\n        //\n        chunks_per_inter = chunks_in_inter_row*chunks_in_inter_row;\n\n#pragma omp parallel for schedule(auto) default(none) \\\n         private(chunk_idx ) shared(size, chunks_per_inter, chunks_in_inter_row, offset, a) \n        for  (chunk_idx =0; chunk_idx < chunks_per_inter; chunk_idx++)\n        {\n            int i, j, k, i_global, j_global;\n            float temp_top[BS*BS] __attribute__ ((aligned (64)));\n            float temp_left[BS*BS] __attribute__ ((aligned (64)));\n            float sum[BS] __attribute__ ((aligned (64))) = {0.f};\n            \n            i_global = offset + BS * (1 +  chunk_idx/chunks_in_inter_row);\n            j_global = offset + BS * (1 + chunk_idx%chunks_in_inter_row);\n\n            for (i = 0; i < BS; i++) {\n#pragma omp simd\n                for (j =0; j < BS; j++){\n                    temp_top[i*BS + j]  = a[size*(i + offset) + j + j_global ];\n                    temp_left[i*BS + j] = a[size*(i + i_global) + offset + j];\n                }\n            }\n\n            for (i = 0; i < BS; i++)\n            {\n                for (k=0; k < BS; k++) {\n#pragma omp simd \n                    for (j = 0; j < BS; j++) {\n                        sum[j] += temp_left[BS*i + k] * temp_top[BS*k + j];\n                    }\n                }\n#pragma omp simd \n                for (j = 0; j < BS; j++) {\n                    BB((i+i_global),(j+j_global)) -= sum[j];\n                    sum[j] = 0.f;\n                }\n            }\n        }\n    }\n\n    lud_diagonal_omp(a, size, offset);\n#ifdef OMP_OFFLOAD\n}\n#endif\n\n}\n""","#include <stdio.h>\n#include <omp.h>\n\nextern int omp_num_threads;\n\n#define BS 16\n\n#define AA(_i,_j) a[offset*size+_i*size+_j+offset]\n#define BB(_i,_j) a[_i*size+_j]\n\n#ifdef OMP_OFFLOAD\n#pragma offload_attribute(push, target(mic))\n#endif\n\nvoid lud_diagonal_omp (float* a, int size, int offset)\n{\n    int i, j, k;\n    for (i = 0; i < BS; i++) {\n\n        for (j = i; j < BS; j++) {\n            for (k = 0; k < i ; k++) {\n                AA(i,j) = AA(i,j) - AA(i,k) * AA(k,j);\n            }\n        }\n   \n        float temp = 1.f/AA(i,i);\n        for (j = i+1; j < BS; j++) {\n            for (k = 0; k < i ; k++) {\n                AA(j,i) = AA(j,i) - AA(j,k) * AA(k,i);\n            }\n            AA(j,i) = AA(j,i)*temp;\n        }\n    }\n\n}\n\n#ifdef OMP_OFFLOAD\n#pragma offload_attribute(pop)\n#endif\n\n\n// implements block LU factorization \nvoid lud_omp(float *a, int size)\n{\n    int offset, chunk_idx, size_inter, chunks_in_inter_row, chunks_per_inter;\n\n#ifdef OMP_OFFLOAD\n#pragma omp target map(to: size) map(a[0:size*size])\n#endif\n\n#ifdef OMP_OFFLOAD\n{\n    omp_set_num_threads(224);\n#else\n    printf(\running OMP on host\\n\"");\n    omp_set_num_threads(omp_num_threads);\n#endif\n    for (offset = 0; offset < size - BS ; offset += BS)\n    {\n        // lu factorization of left-top corner block diagonal matrix \n        //\n        lud_diagonal_omp(a, size, offset);\n            \n        size_inter = size - offset -  BS;\n        chunks_in_inter_row  = size_inter/BS;\n        \n        // calculate perimeter block matrices\n        // \n        #pragma omp parallel for default(none) \\\n          private(chunk_idx) shared(size, chunks_per_inter, chunks_in_inter_row, offset, a) \n        for ( chunk_idx = 0; chunk_idx < chunks_in_inter_row; chunk_idx++)\n        {\n            int i, j, k, i_global, j_global, i_here, j_here;\n            float sum;           \n            float temp[BS*BS] __attribute__ ((aligned (64)));\n\n            for (i = 0; i < BS; i++) {\n                #pragma omp simd\n                for (j =0; j < BS; j++){\n                    temp[i*BS + j] = a[size*(i + offset) + offset + j ];\n                }\n            }\n            i_global = offset;\n            j_global = offset;\n            \n            // processing top perimeter\n            //\n            j_global += BS * (chunk_idx+1);\n            for (j = 0; j < BS; j++) {\n                for (i = 0; i < BS; i++) {\n                    sum = 0.f;\n                    for (k=0; k < i; k++) {\n                        sum += temp[BS*i +k] * BB((i_global+k),(j_global+j));\n                    }\n                    i_here = i_global + i;\n                    j_here = j_global + j;\n                    BB(i_here, j_here) = BB(i_here,j_here) - sum;\n                }\n            }\n\n            // processing left perimeter\n            //\n            j_global = offset;\n            i_global += BS * (chunk_idx + 1);\n            for (i = 0; i < BS; i++) {\n                for (j = 0; j < BS; j++) {\n                    sum = 0.f;\n                    for (k=0; k < j; k++) {\n                        sum += BB((i_global+i),(j_global+k)) * temp[BS*k + j];\n                    }\n                    i_here = i_global + i;\n                    j_here = j_global + j;\n                    a[size*i_here + j_here] = ( a[size*i_here+j_here] - sum ) / a[size*(offset+j) + offset+j];\n                }\n            }\n\n        }\n        \n        // update interior block matrices\n        //\n        chunks_per_inter = chunks_in_inter_row*chunks_in_inter_row;\n\n#pragma omp parallel for schedule(auto) default(none) \\\n         private(chunk_idx ) shared(size, chunks_per_inter, chunks_in_inter_row, offset, a) \n        for  (chunk_idx =0; chunk_idx < chunks_per_inter; chunk_idx++)\n        {\n            int i, j, k, i_global, j_global;\n            float temp_top[BS*BS] __attribute__ ((aligned (64)));\n            float temp_left[BS*BS] __attribute__ ((aligned (64)));\n            float sum[BS] __attribute__ ((aligned (64))) = {0.f};\n            \n            i_global = offset + BS * (1 +  chunk_idx/chunks_in_inter_row);\n            j_global = offset + BS * (1 + chunk_idx%chunks_in_inter_row);\n\n            for (i = 0; i < BS; i++) {\n#pragma omp simd\n                for (j =0; j < BS; j++){\n                    temp_top[i*BS + j]  = a[size*(i + offset) + j + j_global ];\n                    temp_left[i*BS + j] = a[size*(i + i_global) + offset + j];\n                }\n            }\n\n            for (i = 0; i < BS; i++)\n            {\n                for (k=0; k < BS; k++) {\n#pragma omp simd \n                    for (j = 0; j < BS; j++) {\n                        sum[j] += temp_left[BS*i + k] * temp_top[BS*k + j];\n                    }\n                }\n#pragma omp simd \n                for (j = 0; j < BS; j++) {\n                    BB((i+i_global),(j+j_global)) -= sum[j];\n                    sum[j] = 0.f;\n                }\n            }\n        }\n    }\n\n    lud_diagonal_omp(a, size, offset);\n#ifdef OMP_OFFLOAD\n}\n#endif\n\n}\n"" Generate JSON of 10 OpenMP performance optimization multiple choice questions based on the above code snippet. Each question must be a JSON object with keys: Question: <generated question>, Options: <Four options A, B, C, and D with one correct answer>, Answer: Correct answer to the generated question 'A', 'B', 'C', or 'D'.","{
  ""Questions"": [
    {
      ""Question"": ""What is the purpose of using 'omp simd' within the code provided?"",
      ""Options"": {
        ""A"": ""To enable the offloading of computation to a GPU."",
        ""B"": ""To enhance data locality and promote cache usage."",
        ""C"": ""To give the compiler hints to vectorize the loop for SIMD instruction sets."",
        ""D"": ""To synchronize all threads before proceeding to the next loop iteration.""
      },
      ""Answer"": ""C""
    },
    {
      ""Question"": ""What does the function 'lud_diagonal_omp' do in the provided code?"",
      ""Options"": {
        ""A"": ""It calculates the inverse of the diagonal block matrix."",
        ""B"": ""It performs the LU factorization of the diagonal block matrix."",
        ""C"": ""It initializes the diagonal block matrix with random values."",
        ""D"": ""It offloads the diagonal block matrix calculation to the co-processor.""
      },
      ""Answer"": ""B""
    },
    {
      ""Question"": ""What is the impact of using the 'aligned(64)' attribute for the array 'temp' in 'lud_omp' function?"",
      ""Options"": {
        ""A"": ""It enables dynamic scheduling of the array for better performance."",
        ""B"": ""It allows for more efficient SIMD vectorization by ensuring the data is aligned in memory."",
        ""C"": ""It causes the compiler to ignore the array during optimization passes."",
        ""D"": ""It signals to the compiler to allocate the array on the stack only.""
      },
      ""Answer"": ""B""
    },
    {
      ""Question"": ""Which directive is used in the code to potentially offload computation to a coprocessor like Intel MIC?"",
      ""Options"": {
        ""A"": ""omp simd"",
        ""B"": ""omp target"",
        ""C"": ""omp for"",
        ""D"": ""omp parallel""
      },
      ""Answer"": ""B""
    },
    {
      ""Question"": ""In the 'lud_omp' function, what is the effect of using '#pragma omp parallel for schedule(auto)'?"",
      ""Options"": {
        ""A"": ""It forces the compiler to use static scheduling for the loop iterations."",
        ""B"": ""It allows the OpenMP runtime to automatically decide the best scheduling strategy."",
        ""C"": ""It optimizes the loop for running on a co-processor like the MIC."",
        ""D"": ""It ensures thread affinity to certain cores to reduce context switching.""
      },
      ""Answer"": ""B""
    },
    {
      ""Question"": ""What does the macro 'AA(i,j)' represent in the 'lud_diagonal_omp' function?"",
      ""Options"": {
        ""A"": ""It is used to access elements of a 1D array as though it were a 2D array, offset to the diagonal block."",
        ""B"": ""It calculates the address offset for the GPU memory allocation."",
        ""C"": ""It represents the atomic addition operation for index (i,j)."",
        ""D"": ""It is a function call to an external matrix library.""
      },
      ""Answer"": ""A""
    },
    {
      ""Question"": ""In the 'lud_omp' function, what is the purpose of the 'chunks_in_inter_row' variable?"",
      ""Options"": {
        ""A"": ""It determines the number of elements to be processed by each thread."",
        ""B"": ""It is used for carrying out the SIMD vectorization."",
        ""C"": ""It specifies the number of row chunks that fit into the remaining matrix after processing the diagonal block."",
        ""D"": ""It controls the memory alignment of the perimeter block matrices.""
      },
      ""Answer"": ""C""
    },
    {
      ""Question"": ""Why might aligning data to 64-byte boundaries with '__attribute__ ((aligned (64)))' be beneficial for this code?"",
      ""Options"": {
        ""A"": ""It can reduce false sharing among threads by aligning to cache line boundaries."",
        ""B"": ""It allows the compiler to generate smaller executable binaries."",
        ""C"": ""It enforces a 64-byte padding between array elements."",
        ""D"": ""It ensures compatibility with 64-bit operating systems.""
      },
      ""Answer"": ""A""
    },
    {
      ""Question"": ""Which OpenMP directive indicates the potential parallelization of a for loop?"",
      ""Options"": {
        ""A"": ""omp simd"",
        ""B"": ""omp target"",
        ""C"": ""omp parallel for"",
        ""D"": ""omp single""
      },
      ""Answer"": ""C""
    },
    {
      ""Question"": ""Which of the following best describes why 'omp_set_num_threads(omp_num_threads)' is called in the '#else' part of the OMP_OFFLOAD conditional block?"",
      ""Options"": {
        ""A"": ""To ensure that the number of threads used matches the number of CPU cores available on the host system."",
        ""B"": ""To enable nested parallelism within the already parallel regions."",
        ""C"": ""To prepare for computation offloading to the co-processor."",
        ""D"": ""To adjust the dynamic allocation of threads during the runtime.""
      },
      ""Answer"": ""A""
    }
  ]
}"
